id,tbv_wwt,tbv_fat,tbv_fec,tbv_nlb
R0001,-0.7859679154884649,-0.20654124711747834,-0.23867140570742484,0.14802059639608556
R0002,2.611123402869119,0.5595380233371001,0.9101854800249675,0.01025462539528188
R0003,2.384598303396669,0.054563591229256136,-0.0004856216254944812,0.3256754628889267
R0004,0.9506858845776911,0.0184110143115358,0.17602838245928298,-0.04008608327054536
R0005,-0.6483904320347156,-0.5120088730117813,-0.21741268141872516,-0.37300201082764206
R0006,1.6676155798948442,-0.39632379919769933,0.6523629403682869,-0.18763601037431257
R0007,-1.4184618814573913,0.1640679835320794,-0.8147458950242933,0.4204764456074371
R0008,0.16867435113338303,0.5102870483516512,-0.33913239725288935,-0.17662799002166543
R0009,-1.2385322241227659,0.2099372238160001,0.19616285256425503,-0.2015302253003307
R0010,-0.13498792571195928,-0.22828565720389227,0.7115620999848632,0.19943464893474883
R0011,1.8496352633413924,1.0406686085904977,-0.7544575812115163,0.014960852903143362
R0012,0.730641640903058,1.0234273109585248,-0.04719000793241046,-0.12495314351198891
E0001,-1.047459117195909,-0.4022926326263243,-0.8969127913736313,-0.5808796996146575
E0002,4.196174852218571,0.6311386677127911,-0.266440309552604,0.37513298256925826
E0003,-2.5606882443102688,-0.7591419330161568,-0.1952118674183857,-0.11900025689222837
E0004,-2.0571601300669027,0.15319897275242744,-0.18743255217983001,0.3430748185843075
E0005,0.9033372903304198,-0.10378985929592377,0.12323022193289046,-0.49256788292555936
E0006,-0.4089899640967909,-0.6521261401148621,0.3751683810092385,0.006669039564260043
E0007,0.8179375163910452,-0.47664911157169887,0.5505405805788501,-0.4994728661785362
E0008,-1.1687579563648098,-0.5065312411725273,-0.00813204364787945,-0.2627568922982132
E0009,1.524251637684177,0.01281234928638264,-0.29698050861682346,-0.5900851097219886
E0010,-2.902328682385898,0.147825576317832,0.042959961236122,0.4697720271178048
E0011,-1.4236155385249099,-0.6977415860578438,1.294846093335033,-0.29767464839277075
E0012,-1.0896028292024322,0.36742069886584894,-0.025974222626754195,0.0021614347447885263
E0013,1.7164244602053187,0.0891996093663221,0.02596592814661136,0.44795076890238267
E0014,2.1310153642973786,0.13131651698906233,-0.7853621311194453,0.10429260365678156
E0015,1.091528715920064,-0.33087582317728814,-1.0554039991905744,0.3277392964400221
E0016,0.6766149833541268,0.7426724148853804,0.7442834332634218,-0.2938574403302244
E0017,0.9468620106969587,0.227678818747387,0.4293818955266453,0.365750870681757
E0018,2.7845735762037904,-0.23410951201095398,0.08959989934788315,-0.13382954247579618
E0019,1.9412387817897834,-0.26553999644015247,0.04429390673164235,0.13969199072504151
E0020,1.2390147666278013,0.15942576920089746,-0.287031019792903,-0.06805660987571903
E0021,3.029761047030699,0.6975386934224699,0.19513578696478784,-0.12168849963803685
E0022,0.10132701507149644,-0.48530742780051317,0.5326294102853919,-0.4184101984878011
E0023,2.556272826936465,-0.2480587541114918,-0.2807828338874109,0.32241548699547395
E0024,-1.6640924620220376,-0.8939104648849703,0.5253424151248741,0.14646648346134294
E0025,-0.047546533382408995,0.5595697065359422,0.003697823601629846,0.12886694405131394
E0026,1.0630368158830596,0.31534663424833376,0.21138080073262072,-0.059659687971063025
E0027,0.43269068277643585,1.6518472323918174,-0.11535902529523312,0.47805888727241824
E0028,1.6356269996549129,-1.1291915080637462,0.02559925916459782,-0.6178732877304152
E0029,0.7070612213343299,-0.1842899128224269,-0.4531404982155566,0.20185525586160502
E0030,-0.8975377212284039,0.1345455578594158,0.19040037907015073,0.27706951594832463
E0031,-0.5897401779477534,-0.14526058875503955,-0.673172778081541,0.15774902322265888
E0032,0.7363210192604468,0.9040880478918535,0.6321842028698124,-0.037311672903336424
E0033,-1.2742197971917077,-0.3604386757554554,0.0034307682006812223,0.09797546800308699
E0034,0.45205479674321225,-0.291280670368659,0.8145433539653522,-0.11049291696011128
E0035,1.8702531411228471,-0.6199562112011696,0.439312378151401,-0.02291880243633833
E0036,0.35614178962207355,0.8029495560427354,-0.520572750911278,-0.34760809415524885
E0037,-0.9277568893233248,-0.8570686236823526,0.36762897218229634,0.4589120280374432
E0038,0.16217293603236715,-0.7387855181294192,-0.351121207304505,-0.005940776843388312
E0039,-0.18963098478646945,-0.22083350407611269,0.4901267174144567,0.08238707538967605
E0040,2.791091694453346,0.2969910187022687,-0.7915300052652644,-0.21147399381711618
E0041,-0.7088301884683466,0.3262197074452957,-0.1488682881410327,-0.004388076537560612
E0042,2.5847018349448603,-0.3745068535844045,-0.18350033950068678,0.5129097698757821
E0043,1.4803844135297535,0.3691666457408446,-0.15449096832902443,0.39893200116042665
E0044,-1.3034195116969975,-0.9338141096544164,0.4103606111727391,-0.8700253892027603
E0045,0.6293178541588995,0.5899514353299117,0.2100998374608225,-0.39726743045684665
E0046,3.789010208695288,0.056424750090927844,0.7631579935346096,-0.19125711987679092
E0047,2.1426838402231154,0.5692640428203245,-0.04384055954613997,0.4499998130536946
E0048,-0.3540325629564567,0.5304414909429965,0.09642626295057433,-0.13829709663122117
E0049,-0.7318625319270557,0.14273161168334902,-0.3821254168879157,0.1284385280533153
E0050,0.1506393721413941,0.11068567335967927,0.2973311182388014,-0.11307271241917848
E0051,0.9581272615690182,0.6539943694946028,-0.4921350688089451,-0.17006924851819732
E0052,0.26675452498929353,0.5871174118098039,-0.10055910755101682,-0.18647076042249533
E0053,1.636654014900187,-0.38676271767629244,0.205654923649626,-0.36770142110884224
E0054,-1.9640589911917194,-0.0920827009324604,-0.5611817217026661,0.08469894813666431
E0055,2.99197248363068,0.54881924061206,0.03139977495269275,-0.2450810529811091
E0056,0.6904900858928578,0.40655890378509796,0.33534184987229815,-0.7978944280135398
E0057,1.5781732987300154,0.5981099539756987,-0.5431506350881882,-0.03198273014619221
E0058,3.6895246389309726,0.3252502963895781,0.6781172928748233,-0.5587724096783258
E0059,-0.2723816539585684,0.4085093209538852,0.4110632105878472,0.027340217369819342
E0060,-1.7613351342728958,-0.5225786024126255,-0.5452691129985373,-0.08180444025526029
E0061,-1.0049425456944894,-0.32066949120787647,1.0280148324249767,0.2413241743407591
E0062,0.44494735394352203,0.7990291098411982,-0.009922813500353844,0.49965023352053134
E0063,0.03376946520096347,0.10390435150963329,-0.382672463826388,0.0467264761982131
E0064,-2.063539296882861,0.49042601913938166,-0.02031474113476106,0.2755751226025691
E0065,0.9617982422443205,-0.030039552974510553,0.33143402221952256,-0.18334219462677337
E0066,-0.025495741701837105,0.9095168549854662,0.34997256851368985,-0.13165494510833217
E0067,-2.3750051110852874,-0.4117677638653916,-0.00043197179960918763,0.5673831998174423
E0068,0.7282779024293546,-0.2141750476802421,0.3027764506876054,-0.166549564519694
E0069,0.5333795721275649,0.09503189301475201,0.9341582287447244,-0.05976714639172863
E0070,-3.017677876424183,-0.14075177275603612,1.1638433398777837,-0.018431898520216983
E0071,-0.1775701918991901,-0.5312380119397693,0.21759762532555948,0.09933163232790634
E0072,2.626569354749669,0.1393272872528103,0.3362515501464968,0.03168901662297555
E0073,-2.5657020651077023,-1.0135928182682685,0.05405686293669287,0.38490468358040636
E0074,-0.12231862061373011,-0.3615562623784938,-0.21414479033095724,0.21728183777744525
E0075,-0.29175373513704894,0.11318313852122874,-0.7180262557701013,-0.00024199792427637146
E0076,0.21920935934604557,-0.1869547100443314,0.6666182229787363,0.22632662216532212
E0077,5.455556844709553,-0.12055671879606666,0.3014685063305177,0.4289933841896045
E0078,-3.4083642533276217,-0.35744649074158263,1.0648704791907573,0.0815683873275514
E0079,0.2395647098956637,-0.22605850821932472,0.13934027942535565,-0.2610925615783022
E0080,1.7144787118504086,0.22531018589725083,0.11708999049582824,-0.03068773507073122
E0081,2.8405764096455344,0.020187996535057984,-0.09664529921590603,0.39007381585452044
E0082,3.1137057682200053,0.1540884993869912,0.10183664307677398,0.5006674789367098
E0083,-0.5716330782808328,-0.06016500767316879,-0.2708288441062967,0.022736771020962776
E0084,-1.2746403982455634,0.2892873004854638,0.8503925277662334,-0.449979338422244
E0085,2.6509157886762953,0.21198890719593488,-0.6419808028069772,0.3514519439840142
E0086,0.8730630743679808,0.40585074154631046,0.7030557640657226,0.12069590242459782
E0087,-3.0439158470750103,-0.1888543614910283,-0.5270687375234463,-0.08626539783499257
E0088,-1.213455275296969,-0.3241095296232088,-1.1396339723145763,0.37878884580586697
E0089,-0.40757283135628963,0.4324566158891529,-1.1706653391568587,0.3286618965479448
E0090,-0.41590226139229713,0.7516362646682033,-0.8773763001164475,-0.18979467597970584
E0091,-0.8909406046773576,-0.27604472981692807,-0.6384999133504997,0.3335386320734961
E0092,-2.8509011454031965,-0.1120013969681729,-1.4030605705010446,0.04449305349937724
E0093,-1.9299007012822136,-0.0826586374327577,0.7695828431374058,0.15140741325327506
E0094,0.6673012486692507,-0.19834655733975826,0.4378938700748039,0.6508765734007003
E0095,0.8698488264600472,-0.23118264137165812,-0.5647965491094492,0.45190631429057154
E0096,1.9388666109521804,0.6888638496511337,0.04662985514992901,-0.11619288486127333
E0097,-0.3452905470459289,0.0895116330505824,0.16712369716891212,0.14762203473633967
E0098,3.590711522458549,0.4327072296744443,-0.5117443215927394,-0.18341775842456462
E0099,-4.814823051441086,-0.6725163522996846,0.29214723187334035,-0.2082510753855607
E0100,2.6150353108536355,0.3621776532192933,-0.8420113625030415,0.3471451118822538
E0101,1.9307019920596726,-0.27611505970108274,0.5792502793626597,-0.012959140082279039
E0102,0.2285663182792712,-0.4122036633894952,-0.05709178047807928,-0.2436564614813189
E0103,-2.810390509674586,0.3627333469548539,0.24549983973455064,-0.16623720019379704
E0104,-3.7051156056891843,-0.28955551692899184,0.36949573169701916,-0.25139486367930003
E0105,-1.7771461693307575,0.12606857049353015,-0.9291219951951181,-0.44717385975376955
E0106,-4.071008287328788,-0.4417080833243132,0.8810958037681613,0.03457677521303679
E0107,0.6658757459472735,-0.26589200349426334,0.16581728966624676,-0.022228633302246087
E0108,-1.419055922630025,-0.05981098879838287,-0.05548134575243813,0.18038915175731762
E0109,-1.4237333948674529,-0.23820913113190634,0.0023520431747816595,-0.9564393409607379
E0110,0.5864587663521186,-0.5310372730576416,-1.010327032080394,-0.4599825625647534
E0111,-0.09441568115525456,0.37825825424695525,-0.9444720985341427,-0.34813410428171976
E0112,-4.959949841993066,-1.2345229211666882,-0.66615972806323,-0.33780926364198
E0113,-0.9226625625606877,-0.08277549230154169,0.6623114202217509,-0.3649474902349246
E0114,-1.1123439455864217,0.7712264298880314,0.7483652978115183,0.07925137375446548
E0115,-2.071123860840525,-0.07269986211651791,0.3189784633187085,0.4075600124846725
E0116,-1.4494578786251875,-0.9693432314451158,-0.2784329309605442,-0.3618809725704579
E0117,-1.3170109408428408,0.4628843820093335,-0.425627854820226,0.44390749677393954
E0118,0.056677758362684294,-1.1612193635220613,-0.11041053533523071,-0.3507793223454394
E0119,0.9886780215948598,0.019894588473541974,-0.2242028872305003,-0.08036172003002265
E0120,-0.8799183795516017,0.8294782614258656,0.7784639793575381,-0.26803123018479413
E0121,0.5198247992428189,-0.017075270355778382,-0.7158730543505852,-0.3937089868618916
E0122,-2.423719640772209,-0.6725022324306618,0.6977826333779809,-0.09054667273942957
E0123,-0.19782558389131744,0.6453582289114712,0.4433182617719296,-0.41157966696252035
E0124,-0.22293243088402903,0.6828828512815472,1.2060218669964873,0.0014418730674916336
E0125,-0.13902235864718904,0.5662505228203798,-0.3812223744649138,0.08372010517564835
E0126,-2.373623068186327,-0.35669146607550695,-0.342451877927591,0.09309772232316127
E0127,1.753908139568837,-0.4601270061780971,-0.5190642097461543,0.14408209498927455
E0128,-0.6302547053291789,0.13464125157009343,0.17819546586412993,-0.19595734524662287
E0129,-3.6144933543321383,0.24138708410496962,-0.4872335911656215,0.05818097983724696
E0130,-0.9070584483966391,0.45585949371729473,0.17900219691088848,-0.020191771216450036
E0131,2.21689801529982,-0.10525840550412924,-0.2851427782920072,0.04379822708798056
E0132,2.2737515926669616,-0.05297281968696277,1.140236591857149,-0.30157340487262135
E0133,-2.5332550605793074,-0.12967416636792595,-0.44340779177150835,0.370817909835099
E0134,0.04183215762333692,-0.5820674885603905,0.04281421442747291,-0.33659340688256656
E0135,-0.9503078714525204,-0.3614110092404612,-0.45969715172197556,-0.45324391308433454
E0136,1.7621706331754625,-0.20148090812978525,0.07600758573089039,0.2511668788374008
E0137,-3.4888754575665066,-0.4744034258912817,0.6505421526424164,0.1968390225213414
E0138,-0.2629806593917454,-0.9828822566102153,0.2281707873959199,0.011062604124220166
E0139,-0.4480923927948979,0.7027713776812721,-0.13543063237699915,-0.05672782543671756
E0140,0.9756450741567462,-0.007949051398816409,0.2868042743442165,0.43976927896943524
E0141,-0.7722492445803413,0.1673322300733906,0.8476005983517085,0.23726268108961934
E0142,-2.2872798961731924,-0.4220134766521886,-0.9569915792982241,0.019380194453619715
E0143,-4.027362794862319,-0.5709660951564595,0.033401433504952394,-0.131539079165141
E0144,1.4966204119431383,0.6837522308502959,0.5886784811125653,0.18258198053244185
E0145,0.7250385100993881,0.8252664554067093,0.6161408039153495,-0.012399313299088707
E0146,-2.5201625333228588,-0.11168211497863778,0.0995615087813001,-0.40027231838029004
E0147,2.7659257445651315,0.3358387828405529,-0.4081511968454604,0.5176649972368346
E0148,0.6124863983213582,0.26318762907275783,0.7724368606536829,0.07620589488302443
E0149,3.341524693491481,0.5348518655593667,0.14029749759037735,-0.23488901452694408
E0150,-2.397324674991358,0.06638591816209216,0.18282959867895654,-0.09541948255957719
E0151,-2.538734477873337,1.005404247669091,-0.04787874947807402,-0.18884763194068938
E0152,0.32498072203618555,-0.29530298817099077,-1.2377147304782112,0.5249887676365279
E0153,-0.13478038162893036,0.274776829320415,0.3240982308947906,0.13133479260150566
E0154,0.3032978324495921,-0.04886825762988756,-1.0914559403164685,0.05773343794081473
E0155,1.643100860797155,-1.00049588391574,-0.649226106110867,-0.16399339458786052
E0156,-0.8090198935447228,-0.7505085165831953,-0.5238364983527276,0.11495063616814208
E0157,-1.2068144505316223,0.3259862122541598,-0.5263059446118651,-0.04561784673554499
E0158,2.940352235979732,-0.22704927027434263,0.25058478246689314,-0.07538193811700142
E0159,-2.882941480304038,0.17601575054589813,0.14887917126680983,0.2825363244206149
E0160,0.12737546871476457,-0.6981678283255843,-0.06124855714587518,0.25126958673159655
E0161,-1.7678591841141706,-0.01858561452076679,-0.6979960299581803,-0.08056880315936912
E0162,-1.9525691461488073,-0.31236557719526714,-0.06905327609144196,0.023583659678431013
E0163,-0.6784473915304012,0.019879752062202716,1.2237208212318087,0.12493941978684903
E0164,0.18377270209720287,0.14869233536393123,-0.3666442510906621,0.168574484868443
E0165,3.649706702756277,0.5216146897301152,-0.15287120520620712,-0.24744274976388247
E0166,1.9510484969293822,0.058305835427129304,-0.48667069047350775,-0.3078506850452458
E0167,2.2778199362773526,0.3887644370456546,-0.4864115701239641,0.4762921128343766
E0168,1.1232819173719446,0.13718937490810756,-0.05757696739164153,0.4057196655299054
E0169,1.990390894815889,0.003230926976533821,-0.08583624337896445,0.11676216293249939
E0170,-0.6534174070143779,0.37092413615024217,0.8936061203107234,0.048287373640386155
E0171,-3.7167176739424947,0.10414021506198112,-0.2111071995688687,-0.13842397099098236
E0172,1.262264996404801,-0.24005042871102034,-0.2769260312753822,0.17627079408325685
E0173,-0.6328922218038207,-0.25079303303817735,0.6041180708081842,0.21002245411073245
E0174,-1.014305007449181,0.1818653426921708,0.045723360611216624,0.7233531950522454
E0175,0.13405665071172024,0.31117018709010535,-0.6804711137583858,0.39744952321099986
E0176,-0.17766379738709936,0.028931788487679744,0.3801526389516451,-0.06340637836684176
E0177,1.6653628419457203,-0.07153165750098311,0.3417331245202367,0.3958566814351286
E0178,-0.9536674925647253,0.9699981303307501,-0.24839899905075769,-0.27059824890654377
E0179,-1.7959715858805039,-0.04605914728105964,-0.792212610702994,-0.026055335349825293
E0180,-0.8488861888107859,-0.423599468215367,0.8101521463730431,-0.23978436227261973
E0181,2.7552702082733616,0.47012098894194665,0.08411123069711635,-0.09153583022022227
E0182,-1.8346315777922628,0.03395941973476069,-0.06538627515157303,0.12948864920257042
E0183,5.5369017517130885,0.8681374365326167,-0.15304680966659012,0.18927618145103586
E0184,0.33934215236856113,0.09794900731644396,0.07874683743972521,-0.20907754612665452
E0185,-2.167450706339298,0.021221609207385805,1.0550194871940906,0.003578528641355494
E0186,-2.0036253093395073,-0.5559033391883041,-0.07684783028953257,-0.3628490254182313
E0187,-2.5090182442146594,-0.5211804144303334,0.40015607030135725,-0.4821397478351193
E0188,2.055127289224222,-0.330977303410666,-0.015320418263972901,0.3384018031157243
E0189,-0.2952406258025384,0.309564279605484,-1.0956542806401304,-0.21003337516745663
E0190,-1.2279400622794645,-0.9591402807716041,-1.094395378919982,0.02370706400754566
E0191,-2.1628197994162877,-1.1862080844596665,0.9214733825626108,-0.1632683634722792
E0192,-4.809915812883049,0.012319873607558152,0.01933176521744684,-0.5664931474639027
E0193,1.337967148289922,-0.2407585195735652,0.15110467570122676,-0.12472570807003537
E0194,-0.22130773425113226,-0.18745004772553486,-0.2461685032086457,0.4069705591576214
E0195,1.734103480744829,0.640510981775174,-0.29384128500060225,-0.04121749145232936
E0196,2.702578374539021,0.08098628721990953,0.3444709737874444,-0.1662675472979763
E0197,1.7685025829700423,-0.6478251362912102,0.06123737283642461,0.43429220054047996
E0198,3.1744491743413183,-0.4441036282955595,-0.33488972113236004,-0.47447908628050234
E0199,-7.133745962762659,-0.8346834060751831,-0.9743655711966092,-0.009632097309400026
E0200,1.867860461731739,0.7904613721478382,-0.1896302000264033,0.18714472883150407
M2100001,0.26845139539714147,-0.08796114562297275,-1.1017254312177176,-0.060820099093383206
M2100002,-2.111632759975456,-0.5042634494576725,-0.4351522488579621,-0.05348261304106777
W2100003,2.2209903484703744,0.5794231780658301,0.5200727516752965,0.22663089289739008
W2100004,0.3920480597170837,0.11652346693137383,-0.6734849472730408,-0.11814753928409509
M2100005,-1.162192591717588,0.16542202806043238,-0.9382652783980384,-0.2856918345772784
M2100006,-1.1194267907177338,-0.09185596989370437,0.5248608646372526,0.042478932159280836
M2100007,1.1285860552184115,0.011591437502215807,0.1901726429045324,-0.2695249950388249
W2100008,-0.5330760316382932,0.8741284475675183,0.4578668859503379,-0.07186246598515292
M2100009,0.32248810245533743,-0.23754134402011118,1.0173655263850034,-0.3190827773233477
W2100010,-0.4216442554775037,0.13493988649081734,-0.33211572354111385,-0.6288485318695796
M2100011,1.2353896514527194,-0.07578068654180847,0.24438271472142575,0.020499092285801546
W2100012,0.06573982320800908,-0.17018377034328036,0.3794941442273747,-0.29776655681029407
M2100013,-2.9559017952787503,-0.3123156280782877,-0.6909727418393382,-0.14976266556044163
W2100014,0.00899046241727497,0.12352852188648766,0.1241926487210443,0.34236858805542747
M2100015,-1.4836636880848149,-0.5369796646276872,0.6435018608495758,0.0007136274921260011
M2100016,0.9446520892512478,0.5483971656713407,-0.7219895270192419,0.1573369456842017
M2100017,-0.37687862686836215,0.8223004844349381,-0.9951023152899784,-0.2592461547624444
M2100018,0.7102685978676275,0.25884792797306044,-0.33688118638073905,0.8525680315746897
M2100019,0.49912571952679263,0.10443039000925136,-0.4464244126522058,0.05582682297821631
W2100020,-0.43559087097970206,0.6494763612220527,-0.04510323812780115,-0.09907987934533971
M2100021,1.5767265374506385,0.7525323197923642,-0.7754426085848779,0.11806931450987429
W2100022,0.034258491983442774,0.20888872347088105,-0.8975605770496083,0.5297671905615462
M2100023,-1.3900992297063874,-0.2695668581117002,-1.4945098252153421,0.6656784136448348
W2100024,1.0125820003499237,-0.38702825618891223,0.5864276489536161,-0.29851322837259253
W2100025,0.1161618616284219,0.4051148215226961,0.18069492790907782,0.16096013536378356
W2100026,0.492560029912017,-0.350440009919891,-0.18128724895660764,0.020862890254418787
W2100027,1.860281707513268,-0.21258664787467607,-0.5935295954406944,-0.0027420724391882256
M2100028,2.982495769998182,0.9128314037115142,-1.0863579605661862,-0.24077766020820832
M2100029,3.0993098032246538,0.13852135637794993,-0.21410754079043182,0.19738405555455324
W2100030,0.3564033710722656,0.3719844250567383,0.02728112207922051,0.1873861243474011
W2100031,0.5950896310724945,0.14062552518736893,-0.3073299615699372,-0.11942795168999208
M2100032,-1.050643623596505,-0.5737078621571192,0.25190274022559267,0.2316638622594791
M2100033,0.7188721383263812,0.1227963444391752,0.19589754306561952,-0.26113166415004596
W2100034,3.5369593546974665,0.3261768720511512,-0.20165187823170727,0.09572500877781356
M2100035,0.8290249361434223,-0.5081389903538471,0.19434142958392525,-0.2577848360418945
W2100036,0.537599638035624,-0.1850486890684575,0.40270103908131305,0.26501059441308455
W2100037,2.4610164547019036,0.6019780944586034,0.25580821261287234,0.3604409433800732
W2100038,1.0507519517286124,0.791805082550636,-0.3699542861298607,0.5408564240364042
M2100039,-0.5244405663161906,1.3924825038202377,-0.21261087440345328,0.08185205082867186
M2100040,-0.49438999342882184,-0.17466223218627808,0.6373880410391493,-0.5428666362786758
M2100041,1.1983176268441635,-0.5858727064238967,-0.12177082046724841,-0.385022009775947
M2100042,-0.6492322820156753,0.03363096084103123,-0.0016601026939274677,0.1992331767884607
W2100043,-1.9695368141265739,-0.3909738790095607,-0.07699284566952291,0.2122818396765529
W2100044,0.9723890812502058,0.7096347255135906,-0.8435204198027676,-0.011572817996301554
M2100045,-0.04829550997422771,0.21398190750271529,-0.9208213770625909,0.12726389907981567
M2100046,0.4447347715437804,0.5346576419335392,-0.019660316291001068,-0.036301995071421525
M2100047,0.8249616358480663,0.28136722321357827,0.5587089349852493,0.20956583914485516
M2100048,-0.09869468459736286,0.15798299923105374,-0.302441139615816,0.3870552870336809
M2100049,-1.8344463952722938,0.08993206614781413,0.25332980277197176,0.3632093584536412
W2100050,0.7695675232309678,0.9085903661042267,0.21117674842335993,-0.4612394992859527
W2100051,-3.5905676843788834,-0.548480136599738,0.2872840077224703,-0.26548830509309795
W2100052,-2.492937713614114,-0.4336351858892793,0.4592138929199814,0.13439822133445756
W2100053,-0.1987761184529262,-0.5788821887873739,0.43417060129354695,0.08037602789232426
M2100054,-0.8004461792873778,0.0844507738559539,-0.26744413621995056,-0.05847019518186383
M2100055,-0.543212407183618,-0.39722243055395423,-1.1267942499697132,0.2574415272097079
M2100056,0.025904174384522527,-0.17670930622022696,0.7389821468200064,-0.026205287716496786
W2100057,1.1296693666738387,-0.8187301268380809,-0.5104508936941387,0.44352385082899765
M2100058,2.041764805140099,0.3541780741038287,0.4131644542574218,-0.11122761712485173
W2100059,3.150690912703782,0.5683697293412462,0.14208690079887154,-0.24758775090964003
W2100060,3.7029831573746153,0.7677608006400399,0.6950649521414851,0.2539162350875139
W2100061,3.385076869748397,0.4795573799316143,0.0033269041474138783,0.19817020492843462
W2100062,2.2676728235168446,0.3587658122051253,-0.23489301205215063,0.04979973756531711
W2100063,0.4022580619479945,-0.31034772488020246,-0.023475367117252732,-0.1194903551609161
W2100064,3.3613719371348547,0.8010660223324351,-0.12568864532928992,-0.00947393366655093
M2100065,0.6080944210396018,0.17399220406249705,0.03043810277935033,-0.7370891386502234
W2100066,3.815415585058661,-0.4944556237656208,0.812693828819144,-0.46563132596569434
M2100067,3.916098847053613,1.3644073060536348,-0.09786645408776018,0.3284164911298518
M2100068,1.3097132578986561,0.6658565859158793,0.2819256570466153,-0.18225921788858399
M2100069,2.84807126849517,0.000866307233944319,-0.3423170864693549,-0.3257032521800043
W2100070,-0.701521842641089,0.3396949328741183,-0.5372615434386915,0.09474039990679198
W2100071,0.05229981785094928,0.10485037570638445,0.19712479153359963,-0.35216391827512755
M2100072,2.8209546645952743,0.600291083967397,-0.6338795486485961,-0.02136914415703861
W2100073,2.1700021393451197,1.094685114313286,-0.04106395320580014,-0.06256080434405888
W2100074,0.3698552474846064,0.4316511716282755,-0.037771430564065955,-0.5722256755087922
M2100075,0.3158108633123242,-0.06816503592031575,0.44079797198810783,-0.4563969326735235
M2100076,-1.4064521706125506,-0.504657146055109,0.36188444812819,0.20318383105868548
W2100077,3.7820107862660883,1.1936768867937735,-0.129406977204524,-0.19740694458969305
W2100078,1.7214165408332351,0.7884483545406059,-0.5099754906680117,0.24091477941433487
W2100079,0.8249956791978805,0.6954050297140182,0.3633874011366218,-0.1404528755380842
M2100080,1.375235810613857,0.703249491289951,0.021864750568291624,-0.3249485375737592
M2100081,-1.7774552430520867,0.5827343799245831,-0.9544556082885619,0.18198823997384095
M2100082,1.0532093031879604,-0.5108668648898465,0.5116479920623078,-0.26598523074907243
M2100083,-0.303759268249963,0.7162180541443908,0.8865738450758633,-0.6701902638596267
W2100084,0.34387667233397146,-0.46230884507661174,0.30953545860443643,-0.09265691464316307
W2100085,-3.058083032706395,-0.8456377360364487,-0.20799142255417857,0.2482295559091109
W2100086,-3.3358287033152845,-0.2468345134764357,0.11287897921162016,-0.06524233065282317
M2100087,0.22667426321963458,-0.12422506976317504,-0.12426554893926245,0.12679134756823163
W2100088,-1.9989593856609709,-0.40451912689811853,0.4125141515389694,-0.28273787108188747
M2100089,2.9713604805710268,1.0837486920988633,0.8717025258087894,0.33303655121274084
W2100090,-0.007116461106452476,-0.1786978018810319,-0.6843034347804015,0.15995758564636475
W2100091,-5.021841728023479,0.34793195528119647,0.3587082100582791,0.5286010668408039
W2100092,1.3327621260045412,-0.03501035360277327,0.42682170943550124,0.18463659689423056
W2100093,2.1606109819296124,0.11460726546044997,-0.11604965301625814,0.1577134005508345
M2100094,-0.20224499882706137,-0.6425327493136297,0.07853805459760943,-0.5989504597516507
W2100095,1.0082362977545505,0.9704308307534089,0.7874014134191049,-0.3005696760647184
M2100096,-2.05930183873582,0.190753889370896,0.21689078914207888,0.41439582804189384
W2100097,-3.396864667387785,-0.03294964600782457,0.6332740344996414,0.28030444155975726
W2100098,-1.6214739665191074,0.21651112589066523,1.0530846738915698,-0.0058848875326651395
W2100099,2.917533735149325,-0.5260488370517318,-0.3294826388970248,-0.06405886796332871
W2100100,-1.2778433634969035,-0.2463230898695773,1.4168974477478766,0.0005328205531500152
W2100101,0.12794833865181676,-0.20848864435034997,1.289514354961582,0.17871228156159008
M2100102,0.6023689079432586,0.26870292373963744,0.2343465983724688,-0.040016650452046595
W2100103,0.7821323838244698,0.8167180700125679,0.03582724049949315,0.4382304763121801
M2100104,-2.278113688443118,-0.15278364622592633,0.13725761134972003,0.21303989218929603
W2100105,-4.343600795746965,-0.4000832237352008,0.29885589300808957,0.552320217458613
W2100106,1.6240717583459978,-0.05495449823347087,0.6839950416156736,-0.1440655962368232
W2100107,0.4223403461723074,-0.1965693944594189,-0.34867685508573454,-0.22258646925293354
W2100108,-2.443466055537952,0.049837203285169274,-0.47441632722331006,-0.20727168304952795
M2100109,0.6262407337606359,0.22922112747319034,0.6347709735572269,0.1970057328758707
W2100110,3.52272736593427,0.5439926706913114,-0.36109513937990234,0.0005983101820628556
M2100111,1.2294072883450191,0.7427891756170704,-0.6840705700978339,-0.1959620618648577
M2100112,-1.6975231925212162,-0.25085099665136,0.31138061280927604,0.1691601732088302
M2100113,-1.465413105420036,0.16111762451431044,0.1133969913795333,-0.10123592167457393
M2100114,-0.5099371928015186,-0.2007115129751038,-0.10569970674286966,-0.11328128051991274
W2100115,1.0210406758842194,0.027106662804587067,-0.04021656180628386,0.023582534740097916
W2100116,0.10072730973201605,-0.43525446233613474,0.19368242129341467,-0.6429159598452736
M2100117,-0.3289706196087927,-0.2808722104505277,0.22576961514559996,-0.21067930355506118
W2100118,2.3841443698335265,-0.021459980798778755,-0.10258483692072651,-0.34979987502025733
M2100119,1.6124244362874265,-0.4807066945171361,0.23782910462268558,0.46361463639617534
M2100120,2.5751224726096194,0.36372770997583737,-0.3376734483117021,0.02082224071954336
W2100121,-1.6898614355519541,-0.3390120348341221,0.013506305255514661,0.5433412368705319
W2100122,-1.7172551852194857,-0.2857928766238991,-0.9821329367773454,-0.05771109997773753
W2100123,-1.1503442037436171,0.33174260579453574,0.562747627981136,-0.4092662581848174
M2100124,-2.51474171865655,-0.027554233721936217,0.7531922144029651,-0.32049910813830873
M2100125,-1.3783357200244533,-0.9425022617553853,0.04632023804515928,-0.25646323787882225
W2100126,2.7567684928994733,-0.36192848764249397,-0.48769618486474664,-0.11181617903924498
M2100127,-1.2763089230744233,0.6573437780589404,0.18598507254006152,0.5150997934470916
M2100128,1.4435628261451896,0.4284962922298863,0.9721419886288694,-0.12167251020326054
M2100129,1.4185545470377727,0.15504209714786377,0.3552060645259175,0.07387493158989603
M2100130,-2.69227082876965,-0.7613853228793068,0.015935731902727013,-0.07004449974311824
M2100131,-1.3328640299957373,-0.8203922549666789,-0.24620449048719129,0.2608797403780885
W2100132,-0.850754290562663,0.022497586886563337,-0.18848535213355344,0.08944427571588684
M2100133,-0.9621830362239931,0.0013371139910013374,-0.16075316084537172,0.2643887120590648
M2100134,0.6427877085360736,0.7717336453341794,-0.17854165632581398,-0.10034061305188727
W2100135,1.5359593786488865,0.46999423532342177,0.21531983547367783,-0.07298924607872545
M2100136,-1.8985185513660454,0.3509498586563282,-0.31574574818613,-0.1298287785312283
W2100137,-1.0004944197868708,0.027198960536869765,-0.6437459186275017,-0.23315317876156727
M2100138,-3.6315272352349712,-0.7581790566672166,0.7801071987230972,-0.4191901544757765
M2100139,-1.785567324558281,-0.3377620735139175,0.7542864848938471,-0.0032325287969244137
M2100140,0.20697418879132456,0.3825247033472154,0.12346581446956262,0.43440549730720884
W2100141,-1.0650979163038228,0.282377263453361,0.03717952452525419,0.14172572876454614
W2100142,1.5190865215218232,0.5798769900026137,0.25765334884415714,0.05727199017273052
M2100143,0.23538608835142671,-0.11514859563204494,0.3358037237803909,0.1102705724512415
W2100144,-1.7402560773623525,0.4795394277930626,-0.2239043191895852,-0.1574690734193945
M2100145,-1.0165824398640417,0.06602273484993948,0.784802279627524,0.3040006294453888
W2100146,2.64829876193593,0.7041877287693087,0.09657358203075628,-0.499216154671792
M2100147,-2.12516530421724,-0.5193274557942016,0.8849953969264174,-0.35623710170726486
W2100148,-3.122828367571654,-1.0327702683467883,0.41396577323286465,-0.10320861011383607
M2100149,1.3749984993069537,-0.21675026721691715,-0.3392696565204212,-0.21443937975177674
M2100150,1.2275169140372615,0.04254989865771197,-0.24756820376152278,-0.1441461555092235
W2100151,1.389769238781338,-0.023135129430846724,-0.4745643752237635,-0.11906353993086405
W2100152,-2.27252174725521,0.27357592399421116,0.5851160913187518,-0.09164100357725723
M2100153,-2.237091812006793,0.7388414328336013,0.19540087826815655,-0.3451383587603326
M2100154,-0.6752277756181257,-0.7421643863300389,0.07896497370905886,-0.09341692992061995
W2100155,-1.1267399614555877,-0.6183689583325251,0.4473082994147121,-0.05729700541773568
M2100156,-1.8608153465629904,0.2524480370686283,-0.6921633341672812,-0.1746206413141927
W2100157,-0.9209764588318103,-0.21220240116512223,1.0943586052127476,-0.20149957441825767
W2100158,-1.9870483111875696,-0.33318308869200153,0.14586278362694394,0.22358269268549835
W2100159,-0.7472343092993512,-0.3766048460169107,0.37450458360708305,-0.11121013829885949
W2100160,-0.8583559501785318,-0.4258225860809042,0.14196267646515015,-0.13509003899892316
M2100161,-0.43775748549957694,-0.1564277486433765,0.27747210418686014,-0.030963110932120216
M2100162,3.677386620390599,0.8183926753602813,-0.22117914434172314,-0.641468743714575
M2100163,2.8207007699972406,-0.12294105457520832,-0.3702327091967298,-0.7239312459033869
M2100164,0.18619422629558002,0.28911325443070834,-1.1320662884228168,-0.4141262196693808
W2100165,-2.172405763862308,-0.3350724332185546,-0.14181674203117456,-0.4185035470544169
M2100166,1.056766989629407,-0.5814025092653834,-0.4868890783590273,0.15294066188954275
M2100167,1.1516503767627069,0.8331791656650455,0.6313159292788159,-0.14735459245719354
M2100168,1.4549677632378284,1.6691925224767088,1.3526857364507794,-0.23870664562114924
W2100169,-1.6661843735935227,-0.6022808047951489,-0.677504080101221,0.4209486753108434
W2100170,-1.2483840370816655,-0.2016626622669323,0.123805367285732,-0.2731415081411892
M2100171,-2.9827481355275287,0.6079092120918101,-0.8215354876146229,0.3075619391086313
M2100172,-0.5373283145237142,-0.3090730015407501,0.6216933924670607,-0.45579312524511695
W2100173,0.16315529326373301,0.08718026465323159,0.04221136331065434,0.22278110304388082
W2100174,-1.9335507555874836,0.06973186442439394,0.48856344735405766,0.004951288642509766
M2100175,-0.8601685475060483,0.05351359854985949,0.1859650970615937,-0.2398268723576104
W2100176,-0.7113110986466937,0.12862621210497638,1.1443796273886857,0.2926455209898132
M2100177,2.543632578188647,1.2464613600081336,0.5215952223820985,-0.025946931883970972
W2100178,2.6672887040468676,0.4652453220582296,1.415161992056195,-0.022381875335264048
M2100179,2.8116478600055377,0.18658888411151908,0.29793924492301815,-0.12194507422008372
W2100180,2.3871007582046264,-0.4721314637844898,-0.6521012974252741,0.20701334024198975
M2100181,1.3714220494925158,0.566580765680599,0.41321679246638776,0.5974512127223846
W2100182,1.9524272529638167,-0.30858930513291183,-0.3102395886636923,-0.00334750913601993
W2100183,-1.5680372350905403,-0.31529275583408634,-1.087528601932926,-0.3551021158385236
M2100184,-1.2972272776775018,-0.5579682752783583,-0.6333189325844898,0.11599242310878496
W2100185,0.8750938270989002,-0.2534088447768875,-0.0726076974761024,-0.2193023072533607
M2100186,-2.0746030188638587,0.8225247202288368,-0.545536725595312,0.2123243570086083
M2100187,-3.227109214552864,0.552971351034119,0.16427646847802302,0.33169188153250057
M2100188,0.42528043689596196,1.02501763364485,0.542638404760935,-0.09581397068165186
M2100189,3.7225137476312593,0.5103972341256504,-1.1483765056496482,0.09991865945921438
W2100190,3.793948269938178,0.37840385076632305,-1.0672778770913145,-0.21173191389796722
W2100191,0.7927822360818642,0.07189217143924598,0.12992098609850888,-0.1779839250167646
W2100192,0.40580217027372356,-0.4223057303602695,-0.0921514324548508,0.40446160018021465
M2100193,-0.2469017194378864,-0.11646127327673028,0.75228800880101,-0.2887045522713422
M2100194,-0.9199833380756619,0.12801499902882962,-0.40241741490402017,-0.2998398561314035
M2100195,0.6276767647919335,-0.025066104475503614,0.6261733096179015,0.30824600215648185
M2100196,-1.9846449574625593,0.6058176462401824,-0.6647431248214092,0.1746598956992489
M2100197,0.03333152355302893,-0.4754932498684159,-0.5368902544100885,0.13977726008909036
M2100198,0.19392370066804432,1.1318629918806842,0.21675447764250683,-0.07647513174152765
M2100199,1.7674107985581746,-0.15125616379103557,0.8046945471680883,0.12602161106804327
W2100200,0.8131108207403237,0.05758209872090514,0.45783393845312587,-0.0071367137802798575
W2100201,-0.4658234358218101,-0.22862090086057096,0.19150943469758114,0.17763915070275804
W2100202,-3.688336825154842,-0.1821794052353526,0.2974039233079844,-0.1305974453699262
M2100203,-1.7802227249864435,-0.555772390076267,0.1191261237328608,-0.4375126424194357
M2100204,-3.550852709606895,-0.6089458638334357,0.22212184403204294,-0.0009785705631211727
W2100205,0.6295633698504721,0.05645363178719154,1.1413275719785547,-0.47408024809366717
W2100206,0.9490014602182582,-0.5668181427899541,0.3874780249684973,-0.043889714802800656
W2100207,0.9261679191874448,0.25450675893572494,-0.02086407285521552,0.21718682465258032
M2100208,1.627901751084289,-0.03252411420906853,0.1356103754127037,-0.035932903730095916
M2100209,0.571141048989471,0.3037966372972884,-0.5858758089110904,0.3444154360636058
M2100210,1.5889508669649803,0.7297496285343206,0.15692171239887986,0.27867458993020033
M2100211,1.2903436111115067,0.710655361104887,0.6514417265876307,-0.12910347339732053
M2100212,5.695357521602077,0.9322775169529139,-0.24713669229940682,-0.43152503126566094
M2100213,0.9953016512457458,0.13319427416600038,0.038472708952157486,-0.0009145821382986474
W2100214,-1.5176136998471979,0.3803964974138556,-0.03490976022162573,0.10848733910318253
M2100215,0.7948471603962428,0.15690712993483324,-0.33381428945710434,0.31369728152884985
W2100216,0.7321589726166584,0.7867113806826357,-1.2876880880956874,0.25858034040860894
M2100217,1.2124672739294344,0.19310934325638485,-0.7374026624198396,0.2514390147032546
W2100218,-1.011283624544407,0.9969587012603918,0.3008108758147054,-0.03908776482005996
M2100219,2.897738411451446,0.5296470509895828,-0.4494726994682491,0.2819619622807226
W2100220,0.06404566939062306,0.18541764439194963,-0.05089387312606686,0.3173488757132879
W2100221,0.4980097459353465,-0.7970372263693373,-0.5198144161040118,0.13822664150858366
W2100222,-1.8397702313386075,-0.4010189199692902,-0.16649644791307217,0.3115028079476006
M2100223,0.8491283912691729,0.6610650959940381,-0.4421424643857853,0.12247153241067307
W2100224,2.356398544787471,0.7088146269686989,0.6416684725335048,-0.07785449316429606
W2100225,-0.15889411227150152,0.5303222931583164,-0.5006118302943307,-0.1158771680320794
M2100226,1.2262528833685047,-0.6566103337783527,-1.1785565838599146,0.30837735875318495
W2100227,0.9338417745050371,-0.3077954886324601,0.019669636365391208,0.0657468378945579
M2100228,1.0348440218002617,0.09413161185029395,-0.6139920171385246,0.2174843440651703
W2100229,1.5008574181710825,-0.06993453320883103,-0.6629643088847156,0.20245947628990185
W2100230,-1.1027522945925625,-0.5681676417885426,-0.13431557096797353,-0.03490440957407559
M2100231,0.06135881202724924,0.47742064733165934,0.06981153980521915,-0.078638742918003
M2100232,-1.5664762517976065,-0.23533381498110273,0.6593316610342237,0.1245203366196222
W2100233,4.360066945327012,0.6256618960505871,0.7325315019529146,-0.052159917431420844
M2100234,0.6784384168826687,0.8108731930106448,0.18122905214591184,0.37524690812721334
W2100235,2.0451626080955716,0.5616133209320935,-0.31299974826334953,-0.049776832154180856
W2100236,0.9638057460546574,-0.33988261715738344,0.3633215341975663,-0.25537887238448653
W2100237,2.8986238202862946,0.8451157537139076,-0.2964977540661221,0.264693685424812
W2100238,-2.139923395937406,-0.06510537829558027,-0.07560845193705257,0.3318172434365761
W2100239,0.419905653983335,0.37700740531777255,0.5010944258104977,0.15098730495995605
M2100240,0.37389022748931744,-0.43992264157213734,0.030068594876245802,-0.07439773836687383
M2100241,0.025255022634586233,-0.5502587913697914,0.2530728933414824,0.1188109099369618
M2100242,-0.6753495221566457,0.5387115566281515,1.3328477576510842,0.21201267757785275
W2100243,-3.7852136337051663,-0.39309769590285804,0.2359650727479623,-0.3486138316198588
M2100244,-0.18240958772603477,0.36047414199575273,-0.8746255767279071,-0.026929086786493778
W2100245,0.3330317624841612,-0.13022296689411061,-0.47813538182355886,-0.281107639252627
M2100246,-1.326377700138286,0.6268856217616602,0.21802664677036765,-0.0027223745951243244
M2100247,1.656387533280704,0.11341847245114622,0.21804916500222377,0.07919545678782045
M2100248,-0.5800564487832487,-0.295130322820498,0.20727799023865812,0.7297101315638168
W2100249,-1.9069219416233194,-0.1538448660992522,0.6535365488323408,0.4443194076520062
W2100250,0.0608286613110085,-0.34036333840099986,0.240243353447248,0.1940999071533574
W2100251,2.887870848799605,0.6620481458744552,-1.1676218028880365,0.006446238366684898
W2100252,1.1255940849537707,1.235201658122052,-0.8399631505078428,0.025224806132315453
W2100253,1.9605550139062262,-0.1616721655228568,0.8973154954996603,-0.43663597783220415
W2100254,0.8678098507667817,-0.37247081333314735,-0.5746205987781267,0.22523113364048492
M2100255,1.4789290172299037,0.6180714812092047,-0.45864465610516414,0.40779879191918417
W2100256,-0.5122276050951129,0.3861057779746596,-0.2636521731424981,-0.5968919494780154
W2100257,-2.6356883796354227,-0.13576919107247865,-0.3482914279715076,-0.045384259187969386
W2100258,1.3796178324905384,0.2400676901860223,0.9441680917028232,0.13940101972292296
W2100259,2.70307948432763,-0.4345155398200993,0.3784334174666088,0.007688025531193132
M2100260,0.7079378421546227,-0.18570037830598862,-0.37062470044711404,-0.23187841543911272
W2100261,1.1526352607372625,0.07161335019722603,-0.16221667941890716,0.4389419796526873
W2100262,1.0888382048162333,-0.3844265038421557,0.30905845637887447,0.0840177794991877
M2100263,-2.0921255102414724,-0.5869211389642714,-0.00020233370562938724,-0.08738904543058978
M2100264,-1.9851226616027873,0.44454548964716023,0.7643056237016338,-0.052491574764223725
M2100265,-1.2387919892068862,-0.37238075826583406,0.9464190573387032,-0.39507669206462354
M2100266,-2.9484693117079717,0.2165285980648881,-0.1678245891129817,-0.006575292642735708
M2100267,-4.3055247139789765,0.10172772295740007,0.9242828406943855,-0.20486179492872697
M2100268,-0.913524419546766,-0.27883884158716965,0.601137756031783,-0.24070783029211204
M2100269,2.069906314351201,0.5939097519592046,-0.005932687442261386,0.26288802376477277
M2100270,-0.07580407174926762,0.16267049245768583,-0.2796970125977636,0.2794883790342307
M2100271,0.36490301193839336,0.9978877570788673,-1.715439576601351,-0.010661474458415157
M2100272,0.9869019163070858,-1.019381790609456,-0.2019311181132537,0.043640842166784516
M2100273,0.31208234112106314,-0.42280191830749114,-0.22686170951418227,-0.2787784939893835
M2100274,2.4636980822917067,-0.35651457841129863,0.6328060056956666,-0.24219407760103048
W2100275,-2.116828139333487,-1.3363613198137043,0.5063073912297751,-0.26824463909052937
W2100276,-1.5836724811631742,-0.4845619029856367,1.0217509263414222,-0.33350530063261286
W2100277,-0.9942822662559161,-0.908093979548354,0.36217889917146534,-0.27763280261359474
M2100278,2.910339066665066,0.2254196769387536,0.3857642998344414,0.4971989524975287
W2100279,0.8032937522238961,-0.3525643174018973,0.3585256350803109,0.4444460228887733
W2100280,-0.5983278624787296,-0.4514848653568033,0.4429849837880754,0.2669454614287939
W2100281,0.04971283550046213,-0.14290385711968479,-1.0838042250687812,0.5274990504954815
W2100282,2.772560709099527,0.542739300748686,0.28672643204935433,-0.31396597370187906
W2100283,1.2646085510573055,-0.08441941550375831,-0.060139970844725776,-0.29191405796318903
M2100284,-1.53142720373532,-0.0443411489850849,0.5377844903091571,0.15395353849522436
M2100285,0.3875025231278224,-0.31422796483809146,0.3636569781355366,-0.006389537470341072
M2100286,1.3960657654470339,0.09433185774927433,0.5012944585466983,-0.23834379279629522
M2100287,3.452016570306226,0.5152545841855742,0.3177801021878529,-0.026485539400106048
M2100288,-3.297694214780412,-0.3933663861903207,-0.5371628823672466,0.5078770802539865
M2100289,-5.32288098733467,0.00536455394784896,-1.1697224512712197,-0.12605331350977775
W2100290,-2.8532534454991376,-0.11506495267921324,-1.3905001767325973,0.023899693814987494
W2100291,1.097712454080515,0.3065855330995132,0.24442514079373145,0.09604655786024952
W2100292,3.200270814612328,-0.3345003724543216,0.3929334286434262,0.0869125155386552
W2100293,2.506509972976009,0.8100711102465454,-0.00033124761228242594,0.12304696772489168
M2200294,-0.6457949547974238,-0.35232802075056036,-0.18531776944210332,-0.03199080865861691
W2200295,0.302310329215393,-0.0902909051961106,0.04289676108930185,-0.5645263293229736
W2200296,-2.4625607814114874,-0.4236986354806753,-0.772040931788439,0.1727502070572417
W2200297,1.4137902778833578,0.4213919520548206,0.19174474951416964,-0.245464882161348
M2200298,0.09976079875027999,0.040788499893383845,0.4318529413132165,0.07292013876540573
W2200299,-1.2300509640757378,-0.2860104667236467,-0.2644241135944003,-0.04798404058079457
W2200300,1.4658194057139649,0.6549325270657431,-0.15207225037426653,-0.4949861589270215
M2200301,2.2216674008426374,0.03456308225717253,0.630107868698604,-0.12493646897163334
W2200302,0.7468681164458055,-0.4866186713567475,0.8314694113284544,-0.30560083748457206
W2200303,-0.761349518971099,-0.4292792339460152,0.1292725119949616,-0.3256295461755243
M2200304,-0.9660269328887852,0.1525234773048071,-0.4369493796122287,-0.2966014347833341
W2200305,-0.2171425632281947,0.19056945229405053,0.12791807442445158,-0.12088164946423235
M2200306,0.6132046324233125,0.6273916772963656,0.25161608583678186,-0.023649921308245045
M2200307,-1.6795181872933238,0.7216332646133309,-0.32858592244606954,0.388199523907599
M2200308,-1.2660741885803848,-0.6417717869155173,-0.044001093639642,-0.027421867124413038
M2200309,0.5711197984823086,-0.4893922976392977,1.315772112664396,-0.07701098947320115
W2200310,1.1022636477849095,0.7666091989967282,-0.2274258941986136,0.7671391286326363
W2200311,1.5440104296218582,0.9425286399796657,0.8961774355942682,-0.1654520170360972
W2200312,4.1644435981707995,0.632628221692758,-0.31940599839791595,-0.14585621735571364
W2200313,1.8690684716076262,0.3852613006637438,-0.49413981255050554,-0.20136891965463732
W2200314,1.740678335398699,-0.49535049602209735,-0.20161548843455002,-0.08630853461277897
M2200315,0.5372323773554979,0.08395032279321624,0.1281025870130741,-0.1684838793962216
W2200316,1.748047904361755,-0.3424970673819001,-0.5004797386399144,0.4540781817835052
M2200317,1.0489390411476869,0.4778155567365129,0.24505423758915068,-0.021901283422864848
W2200318,-0.03360149721647776,0.7088420980865736,0.6951764257936498,0.1983268007308644
M2200319,2.3966493274736704,-0.1333468767886603,0.3641270570345037,-0.6095692835335503
M2200320,0.12595503424948884,0.28005985411447293,0.4066829191192334,-0.14271962555907253
W2200321,0.5616579369607004,0.05481578116747243,0.0632902003518181,-0.10536095219606191
M2200322,-0.20532494521560185,0.20075406441079702,0.6113406029586904,-0.05999606554775551
M2200323,-1.4654809726547198,-0.11879611409998947,0.5534717935270876,0.31985251631317874
M2200324,3.331821803797498,-0.027318309345621516,0.3841757173214075,-0.021124852067116576
M2200325,1.3515272359580148,-0.7708818724827793,0.537018630466253,0.08819682845948226
M2200326,1.943835637304006,0.21307802287567545,-1.1703085863509668,0.5094421563043108
W2200327,0.19423497578003435,-0.033453009586494775,0.37588255932910564,0.734725752547996
W2200328,-0.43516087138674653,0.7842123282839676,0.23579303238239757,0.07397417066795342
W2200329,0.018609115833623235,0.51179637075858,-0.0100220555601096,-0.3371054883718265
M2200330,0.28741574787768,0.30234016100856675,0.22965612720018447,-0.28543808588228753
W2200331,0.5104875127087349,0.28385122891761516,0.6714116805419188,-0.1225923979849277
M2200332,1.1717597294017117,-0.49291509269911615,0.49436818150263284,0.024776823391346348
W2200333,2.960310032998019,0.3566563062893674,0.3870683013657037,-0.3525741301356965
M2200334,1.4226193642626774,0.017763789072924085,0.5565665188947944,0.011282497356764093
M2200335,-0.4961573158296826,0.3597680538323525,0.30564152824387103,0.20441010843946944
M2200336,2.5623296544697833,0.7618442245418495,0.26141659471426854,0.03350115797313874
M2200337,-1.8942095401912455,0.0022986575853837232,0.7576607273944371,0.0204219588817309
W2200338,-0.45607067192775563,0.6249342760750357,-0.16843907713159623,-0.3543516246705063
W2200339,0.6383139147263277,-0.2736006525544702,-0.3019550935020262,0.015026030234610216
M2200340,2.0919353213652405,-0.28601948610362604,0.09680452500825909,-0.36542548958303217
M2200341,-2.909528279725577,-0.29653526979673495,-0.22002968571071158,-0.12219082035531742
M2200342,0.7541087345320561,0.019833395491079875,-0.5075953009066417,-0.4626662935451563
W2200343,1.8281562769920185,0.22798836046448379,-0.21664123912628164,-0.37456820937603297
W2200344,-0.845973220337612,0.02247997364684906,-0.4562432219752689,0.2578060583202526
W2200345,0.717414161196527,0.2840384217887607,-0.19434724637769396,0.17806623222539458
W2200346,1.6126628514473609,0.5547812037960562,0.2870348117129548,-0.049782271234837805
M2200347,3.426443579242654,0.4443656913500946,-0.3287209705347064,0.35398048878466687
M2200348,3.2460470240915167,-0.6709558735184658,-0.2349105959055493,0.04077152113791871
W2200349,3.4115906607383395,-0.5280406175971621,0.21412333353399376,0.28954122935863214
W2200350,0.27781622503986636,1.011448731889843,-1.5157040633357544,0.42670070273934607
M2200351,1.4410896363344858,-0.10697247481848782,-0.1052490555572907,-0.4635523718838615
M2200352,2.9514179597984547,0.7186758788869321,-0.04081348471420443,0.45579913820102597
W2200353,1.113124971134738,0.2087027791797691,0.5787538042510738,-0.031087844585677482
M2200354,0.23352012642342768,0.5383591222785306,0.06449216879133524,-0.021345433463815372
W2200355,-0.6047049040136931,-0.4829287006266971,0.28829628767132276,-0.155100521666203
M2200356,1.3509530178068472,0.16257582322840314,-0.17727558571354973,-0.064882736933466
M2200357,-0.48824728581403853,0.6623017540069114,-0.4916667199890642,0.6036512201452009
M2200358,0.4110580320962711,0.5887454229352491,-0.1454539520011261,-0.15985398066548667
M2200359,2.8597269412801505,0.11317186152339131,-0.49792517323261387,-0.19493857394756442
W2200360,0.05456563944326742,1.1447421135942526,0.019876647363847644,-0.19614680099730863
M2200361,3.6611327441598296,1.4764820585296028,-0.670717074394812,-0.03353501735040386
W2200362,0.13849106145389456,0.9738498371058713,-0.8585409024689078,-0.2428509056233694
M2200363,0.6658888467275914,0.3750505675958246,-0.8859776870257104,0.07452139977048503
M2200364,0.6680913937908839,0.11460493335092337,-0.5545307717388638,-0.2699438233953949
M2200365,0.5262110298394296,0.5243624204676223,-0.5300048993761851,0.1671164092027695
M2200366,-0.8231448647499162,-0.2352450386774022,0.3920403195638492,0.06287354053532421
W2200367,-0.31614025057003214,0.5877397397485937,-0.1396460672853126,0.21361455144674119
W2200368,0.1170513570928593,0.9556125008986329,-0.8837011341461894,-0.5524941722067027
W2200369,-0.8980464321683455,0.20296993752231385,-0.6408081386722823,0.286769561899992
M2200370,3.3870373923689168,-0.6477149330832273,0.39657798878279354,-0.588396239122716
M2200371,1.518175090223047,-0.14223085492166687,-0.6715750362464733,-0.21963711886916304
M2200372,-0.41208507243696335,0.027580836566361344,-0.6912901228251621,0.04698994863040831
W2200373,0.04330825384955084,0.18805871100683202,-0.30663376450359303,0.3290002513524511
M2200374,2.637709816788715,0.9934464823107517,0.5214503482240292,0.3579975358846377
W2200375,3.7751200063494625,0.2924471824027492,-0.4128007087156812,0.5391765811977978
M2200376,-2.639568574612368,-0.7222870487373771,-0.22108077449168506,0.37173878926586584
W2200377,0.7693416283638816,0.31824881833224544,-0.10923550437912377,0.06827145699873138
M2200378,0.7517903137404298,0.2645200808494982,0.2698359451841688,0.22423369727809928
W2200379,-1.0940209622405446,0.8581863008655877,0.5923060664499213,0.3794190787062776
M2200380,2.0013168191389887,0.3958103403797314,0.7148513241484357,0.05665627466778034
M2200381,-1.9496029309475027,0.8997690108724132,0.8416205945730036,-0.275224597567624
W2200382,2.433545971010604,1.3167856970685925,-0.6022237350362346,0.32831667217346383
W2200383,-0.824730909943022,1.1432457076563083,0.12317997198450459,0.18050646783414503
M2200384,0.2519727161652039,0.3234014495372549,-0.9687534289675731,0.19646640471103483
W2200385,1.3465965560480546,0.1901963595335241,0.7851592870878807,-0.19297128907338568
M2200386,1.989752354035323,-0.22371248637446883,0.18050376171008214,-0.02757942038353392
M2200387,-1.2978305816716311,-0.33018019403939447,0.021971454516657607,-0.2692644886627965
W2200388,3.8139595731122777,0.440457286466939,1.3911012723541587,0.16801003904065526
M2200389,0.16183397583839199,-0.03254545733038561,0.4605412367615552,-0.1391775586493512
M2200390,1.7336651710625324,0.11805568716497017,1.5123501900163536,0.16679984841785017
W2200391,-1.0425365853940605,-0.6401031014637353,0.011361228428458992,0.260346169239912
M2200392,-0.6798240439917045,-0.050651267078046014,0.18547256782369126,0.22785543628408833
M2200393,1.551486925702247,0.9652710495064308,-0.34669978043448724,0.4480116887544567
M2200394,-0.28769360546289136,0.020173055881843927,-0.9379152059391306,-0.12640746925227403
W2200395,1.5501078685032028,0.6789885043384941,-1.2822285211473745,0.17480750511881016
W2200396,-1.1895044594365878,-0.08681386404254465,-0.1388225709964923,-0.3364227831689135
W2200397,0.520574864193605,0.8372602279572706,0.16750739048679986,0.15982215764886892
M2200398,0.6378143094594808,0.44940601759225357,0.7740209593822086,0.3413912987931999
W2200399,0.9683969257277933,0.6189620186294091,0.03156876037314338,0.2793125953698385
W2200400,-1.2209122372174486,-0.13473227362400708,0.48507132308288314,-0.08633519690897215
M2200401,-0.8734975652790435,-0.6273105678759234,0.2791984841674103,-0.4631399727668357
W2200402,-0.8463593047770024,-0.38810213520967696,0.6386740993719617,-0.6710374969345889
M2200403,1.1498836495630078,0.5025159038439154,-1.4349136213182545,0.4278907301988177
M2200404,0.21917173575957083,-0.42338264819502736,0.18837397140142653,-0.12247057284754806
M2200405,3.2873182861447496,0.3656447139936383,-0.27996563669162233,0.1036801787143175
W2200406,0.46290066783029094,-0.21033576497141093,0.11501311782130041,0.0739997806002951
W2200407,-0.37051666497273406,-0.09211735797735288,0.19557649141487998,-0.05565461651840162
M2200408,0.8762857709576641,-0.059262499084574816,0.6612310911743496,-0.23872802695720005
W2200409,1.491682274721744,0.2651903557247889,0.043650337614612233,-0.3122611174215856
W2200410,-0.1993444923263521,0.567636450572186,-0.1681118504779513,0.0991743270471461
W2200411,-0.7572726746086129,0.5656672068688191,-0.3211127873113988,0.09576179337907254
M2200412,-1.1980822339459918,-0.3134840192704984,-0.9995088560659328,0.16693232225918497
W2200413,0.06884897339136042,-0.21768885343280941,0.17399821652185532,-0.22950773991728718
M2200414,0.6291322300873339,0.8443990130934454,-1.793765329729922,-0.0884558464689285
W2200415,-0.011104558571465084,0.8558627812275752,-1.3039186466056285,0.4413867538627713
M2200416,-1.27024230544317,-0.08998453044388488,-0.5230111648256056,-0.11708131780473702
M2200417,0.382951901005657,1.2006405956833408,-0.29496948616061236,0.5492785155049942
M2200418,-0.932573199817587,-0.48884503266409784,-0.8238555508650279,-0.6023971721952233
M2200419,-2.553088264280757,0.3362094054121805,0.4368294886245308,0.014387366438701144
W2200420,1.8440115494468086,0.4269459964516917,-0.3188049906046746,0.20611090946950805
M2200421,-1.6025822651303647,-0.18882510445044787,-0.47185696603759053,0.26812855215508385
M2200422,0.933301754569726,0.15430144966798387,-1.8978529442352015,0.5457126614181056
M2200423,3.682107234733902,0.3990109956038478,-1.2045407525904404,0.2232138636434069
M2200424,0.8213586106692516,-0.5183670728916574,-0.24448969241031537,-0.4119470403075302
W2200425,0.7757972931347137,0.06961857931254956,-0.2127251025225173,-0.5093997486909252
M2200426,-1.0282834249338197,0.013417040916395617,-0.2304712057973357,0.2983955813633274
W2200427,-4.791796336850765,0.11569713504891055,-0.26950412383654987,0.28066875653612466
W2200428,2.9413435154865506,0.2996986673683286,0.5101204641552449,-0.3575742157230878
M2200429,6.053770842639953,0.3696034850782294,0.29614555524068675,0.08046962897213564
M2200430,3.1268092761463606,0.029128549583669172,0.8439363384883317,-0.08002454784837523
M2200431,-1.110481881501027,0.29404040320134506,-0.8349997359098184,0.11166013590028631
W2200432,-0.09869318298733365,0.006346082395631059,-0.83059367845392,-0.32578338257502987
W2200433,0.9468900867026742,-0.3319286931086667,-0.6345762315316937,-0.08179673880476504
M2200434,-1.3615841771912,0.8475061792534753,-0.7159620562023868,0.06371837321794943
W2200435,-2.481492965617438,1.0158690373616108,-0.5929794583437417,0.04331580644833724
W2200436,-1.2123054722470883,-0.3950238216227173,0.6781699253820351,-0.19024555095344658
W2200437,-0.7452349674501813,0.21466637128512078,-0.4924542292368438,-0.5227181653112425
W2200438,-1.604952717644033,-0.23935520431644342,0.5615640200619305,-0.21562687586776227
M2200439,2.911730013335897,0.07782044923644715,-0.053225414938601,-0.0001404839735007768
W2200440,-3.023337399346577,-0.12437668116183898,-0.5622993102463266,-0.20527841515740758
M2200441,0.8277691519320838,-0.5224694618063266,0.14264469447492878,-0.5414704173832761
W2200442,-2.1397340921518575,0.610419417663875,-0.29683552716000994,-0.30001763380383245
M2200443,-0.11582560819551357,1.198069557703211,-0.7916552049930771,0.29212908525054143
M2200444,-0.9768512746167826,0.6084981111123463,-0.0595460483040855,0.3306293462299908
W2200445,-0.6263697975609697,0.566699657663259,0.17153683224489114,-0.025948795455374152
W2200446,1.504551597353037,0.39155019628445786,0.016700666151198695,-0.17569035994683402
W2200447,-2.040919837309948,0.6184866232219444,0.15115915977829708,0.18968359217358738
W2200448,-1.8956137748354065,0.21119356656463417,-1.2144029227355944,0.32344836359160306
W2200449,-1.3689153916465164,0.8963413226036465,-1.4156131168339403,0.5960764759481978
W2200450,-2.352498331413188,0.6415264353767204,-0.9144643751663742,0.5419877858004047
W2200451,0.26679579009130894,-1.116135075296903,-0.6569556306046876,-0.3688814140866239
W2200452,-0.7362851399713373,0.669517250100751,-0.6803939360971717,-0.4838696430115969
W2200453,-0.8575768089709213,0.19356132499967726,-0.04223159445930369,0.06944448494508748
M2200454,2.3104392383646166,0.5439968139228063,-1.0746172819020812,-0.5552878242807784
M2200455,0.3847475476762341,0.46460417554588634,-1.4974099855285985,-0.03956925426473236
M2200456,-0.40288462657608726,-1.190065355380885,0.6935173400855411,-0.04070584257201865
W2200457,-1.134915913236398,0.08535049999322042,0.4752057517548014,-0.04756326036918608
W2200458,4.913835017745601,0.9571139879878922,1.5577883807484079,0.22646417847313605
W2200459,2.8031863505293826,1.0417277619280771,1.4036875633525212,0.006687871550927593
W2200460,3.13011675268601,1.070149058229236,-1.123534621293791,0.3225911314530791
W2200461,0.8523249830386685,0.5778881082325106,-0.7667512218239424,-0.35545168206611977
W2200462,-2.631383900341824,-0.37186117379560835,0.6721694147215013,-0.17667709103461005
M2200463,-1.835748903988205,-0.42043442595972236,0.34284812816800403,0.2932913881811706
M2200464,0.13130290680773538,0.19335553939056316,0.462555935173296,0.05557275340571527
M2200465,1.8406499175443645,0.9759722803715021,-0.09334281887114004,-0.17779480397161657
W2200466,2.286497220121755,0.33000085190960127,-0.42523140382247904,-0.6111754894668657
W2200467,-4.204086741540679,0.8505993135327861,-0.3065311104489059,-0.06466276477458247
M2200468,2.6962727978819823,-0.036005151983793726,-1.1320207370834745,-0.22233993626163054
W2200469,1.794724671819031,-0.09736228932885627,-0.4528054075881781,-0.08028103760524644
M2200470,-2.1102366962754644,0.01987998551015957,-0.32249024913351343,-0.03715416624171755
M2200471,-3.7870453335170575,-0.018736509417713765,-0.4116648346271178,-0.02261871012125466
W2200472,-1.0133759107118978,-1.0575113249283892,0.2587903612708797,-0.7342322228712714
M2200473,-1.5410978903049832,-0.41130536726658695,-0.3577022205159178,-0.7905796885035465
M2200474,1.4149577060602705,-0.15278278158097802,0.5084519862427918,-0.15396667352145135
M2200475,0.5249522001285127,-0.4355808554601557,0.6824743483469752,0.005106133158368886
W2200476,-0.5503798542483853,0.4457249765042905,-0.5337996923703229,0.18750039809882107
W2200477,-0.870652034168204,-0.07336112144298734,-0.8655136433335721,-0.17360336647344266
W2200478,0.292240000260505,-0.6803015756631445,0.9340424005104588,-0.22504811429602317
M2200479,-0.71999799918013,1.32080952379779,-0.5225568476885808,-0.10312415961015872
M2200480,-3.253376727646562,-0.040610640828047884,0.14857463504587787,-0.46283643808410935
M2200481,2.0750103102970407,0.4402069950758707,-0.03389294692480338,0.07978036974154512
W2200482,0.7036295140599105,0.35630718317929627,-0.15622983481360064,-0.10450262049578962
M2200483,-1.345101010859187,0.8291874797002388,-0.2620354843289243,0.09300597420460816
W2200484,-0.10941923428871725,0.29075889848011327,0.24298027209202722,0.49384799150003617
W2200485,2.2259200332300555,-0.159498101568734,0.7990038708652345,-0.008519205918725653
M2200486,2.4745934561559295,0.6431725944654709,0.5073651486105473,0.09040350249238324
W2200487,0.03241809148446073,0.2999907256070294,-0.1903555234470926,0.4789863212541046
W2200488,-1.0632143829708944,-0.3226832871217571,-0.45892745517021016,0.49779660805008846
M2200489,-3.209031122617363,0.1259682101549745,-0.10478921275422992,-0.15796884753769708
M2200490,-0.8519053599208775,0.41576942315512955,-0.731358564685083,0.1854761174341451
M2200491,-1.0500614365601484,0.4554095441152084,0.020605122992217062,0.2597194161315851
M2200492,-0.8923677032658341,0.3926348392555298,-0.6994623929174811,-0.40014964783245266
W2200493,-1.064003074484014,0.981657454030286,0.1315117411955663,-0.2283143698079072
M2200494,2.8500267610919625,0.6853099492656791,-1.0594976168159058,0.6077750427337942
W2200495,1.9922494937454296,0.7548834287973825,0.4655557621323783,-0.09410107116381511
W2200496,1.2047647685364593,0.7502181757530161,0.11557734312792534,0.086026826668404
M2200497,0.44182762804005105,-0.03460758093063376,-0.31623044283112767,-0.3344358016349456
W2200498,-0.8650081861198471,0.22344356954723643,0.4989713550432554,0.15050782907752436
M2200499,1.4090940932576523,-0.1592621527735748,-0.42016001722633545,0.021674980186774523
W2200500,-0.028287590824192854,-0.7970168171850531,-0.30326552801744044,-0.04606079529750606
W2200501,-2.0689653021565038,0.7834641159055868,0.2563146101005507,-0.009686145682606631
W2200502,0.4254757689690676,1.3475373868747336,0.23635862057524293,-0.06883776091019339
W2200503,-0.0012615466891086058,0.9798920746108893,0.0780017966274672,-0.2977351055482641
W2200504,0.04985118662318744,-0.6596852897383283,0.29596004639814083,-0.1353606947148442
W2200505,-1.5955701626697705,-0.24395834713187936,-0.3758362602817352,0.2182536651083805
M2200506,0.6894257451129979,-0.4231585483735245,-0.4853429473743808,-0.11765165119201793
W2200507,-1.3004128798928027,-0.5915273681275435,0.21984766992860028,-0.057016211046752474
W2200508,0.4607789064881267,1.007166285302255,-1.1532226597896327,-0.008985263014497355
M2200509,1.340190767285545,0.29861678040027156,1.298032960658369,-0.039126961436483476
M2200510,3.061373956101019,-0.5833362100150237,0.8044654523285446,-0.21922681405845237
W2200511,-2.117814696682153,0.3051729256075501,0.17874477779265863,0.4114413646314909
M2200512,-0.2489233123394099,0.6017695008560019,0.21055084851497918,0.3067890052775227
M2200513,0.9255971822010651,-0.23664673634707367,-0.03555704182222652,0.1410558192856241
W2200514,0.2875168711375755,-0.13451537619931675,0.3846138567006386,0.06907740870996235
M2200515,0.6396190293973465,0.04153152554958739,0.47819723868798925,-0.057909833618330964
M2200516,2.8333081253866372,-0.10797509735572974,0.2336703579265298,-0.006460638986670014
M2200517,-0.9361736040386086,-0.4452543081632758,1.118736864439794,-0.048003272748374876
W2200518,-1.5971059253079671,0.5821655769188631,-0.7259526300931601,-0.19951782719019245
W2200519,1.1092214085465115,0.07372796569491513,-0.5855472820559154,0.4339557656805694
W2200520,3.9988125716854697,0.30614291707515634,0.11317212673048804,0.43456210609618623
M2200521,0.5009916739340969,0.5570040132414765,-1.4418905759083844,-0.003651876448028571
W2200522,0.42220790271841047,0.643792332902307,-0.8175210468103483,-0.342726322708254
M2200523,-0.5945153911309031,0.5168344801740635,0.0036001783796749676,0.5102501819628158
W2200524,2.077550432208784,0.6978958737008154,-0.46927613487237474,0.707277476424623
M2200525,0.870685627618994,-0.48831269168383606,-0.008101601867148367,0.032526348578262226
W2200526,-0.3446608832552629,-0.2736811106559578,-0.6693559754302415,0.18315095934068665
W2200527,-1.3464652556747678,-0.18320199633382184,0.2133977118358788,0.49259697068183667
M2200528,0.4655549060628488,0.27579620274818356,0.9093762948637257,-0.31260501975022537
M2200529,3.609666945452836,0.5718552235253553,0.10925583594134813,-0.13089266861401777
M2200530,-1.7320917918113405,0.4677283527500254,-0.1939065021586246,0.0034739596022715924
W2200531,0.671543068678782,-0.18666062704324005,-0.7352886505013257,-0.43278223987436615
M2200532,1.9690842157208412,-0.05105295082247763,-0.056083914554406644,-0.21788017799579984
W2200533,0.5751227830314027,0.12851573281530237,-0.5073409576533093,0.10317147416376726
W2200534,-0.39928192270352447,0.668245101362333,-0.7521965864382559,0.2679916274749869
W2200535,-0.6280538697779363,0.20592976719970513,0.8410536135132023,0.18399329588811636
M2200536,-0.6953684124331279,-0.6936760778074431,1.0339014861235858,-0.017863650221594765
M2200537,0.7730028164216458,-0.447408303758962,1.097964791191408,-0.31208885475283765
W2200538,0.90600323072396,0.1208283652305866,0.3458277690705138,-0.46509462015993625
W2200539,-0.44543600843915687,0.43695737482281377,-1.6713716059170816,0.26793875690027086
M2200540,1.2897481634473835,0.986142115263356,0.3208709575403814,-0.0329062845861047
W2200541,0.26804774251000385,1.2225004146594558,-0.3018790106708432,0.01980252047898981
W2200542,-1.5640477561848032,0.027363059312912386,-0.3105708521972059,-0.3485775032112793
M2200543,-0.36613787657253827,-0.4437638661826746,1.4250314839168912,-0.4935790192540461
W2200544,-0.07404067570211748,-0.15756011763459,0.6243849556617475,-0.0516101520146465
M2200545,3.167578225412721,0.19426327679337252,0.6356038674697263,-0.45619858110067674
W2200546,1.629100291940523,-0.11582432173278923,0.769708617495955,-0.039068388610508625
W2200547,0.7798531284231656,0.29665961608283226,-0.14583305145405634,0.0005377878315238616
W2200548,6.778605885718188,0.5428165826019916,0.1789173206209308,0.21061845204342572
W2200549,-1.3688767248065936,0.6578228719555537,-0.06163445325210015,0.3754822680223047
M2200550,0.8712241991800251,0.7311384908371641,0.2255878432767443,0.6314551836377653
W2200551,1.5324783929233288,-0.6707569709244205,-0.8228487341229488,-0.34957629233969334
W2200552,0.694648777821425,-0.13755584278592414,0.2505501432214927,-0.06686015500011054
W2200553,-0.7952967186924411,-0.6228800914571553,0.3691547331354605,-0.17583280072492286
M2200554,-0.218958790469717,-0.23792620575167667,1.0024932644882196,0.019607477340312013
W2200555,1.6215192131685163,-0.16139642520068498,0.2616472305082441,0.15787363375821523
M2200556,0.30847415313558946,0.45750200663767854,-0.7043010466169229,-0.5712380949544277
M2200557,-2.939192178719142,-0.5279387717647437,-0.5126951690058758,-0.4275084563026407
W2200558,0.39833522284437795,-0.19563639701306446,-1.0317954930795432,-0.5478632247779126
W2200559,-1.0973256272393348,0.10936959110703715,0.5060674609431584,-0.5743207073908865
M2200560,-0.39413218589157406,-0.19700372199905403,-0.7533708541360459,0.07519886832487604
W2200561,-0.23862857699564,0.7434118354718467,-0.27250130783125426,-0.009624498395315623
M2200562,0.6709289117505435,-0.537457700473722,-0.5701480097450556,-0.12295681050112012
W2200563,0.05822309326137898,-0.02530383333686559,-0.17900896281945944,-0.2922544289345118
W2200564,0.5773776648407485,-0.3381991512501483,-0.04640164585333484,-0.1468419895292043
M2200565,-1.399800412193417,1.0731032719948255,-0.6826187421301059,0.06503151956979364
W2200566,-0.3857846676344119,-0.13158938378022478,-0.6187764676494042,0.06150637762263517
W2200567,-0.5271274705978657,0.3066012102237382,-1.646304109248665,0.07518295757957238
W2200568,1.460534742643707,-0.16808110328794712,0.4848370688328191,-0.38494311181871854
W2200569,-3.2638910382858413,-0.19607759701094074,-0.9658774808546301,0.3686654869331445
W2200570,5.141328244882885,1.1489635770220696,0.02732420846668171,0.13765163163049926
M2200571,4.667760490793432,0.24800008124508854,-0.09344626738072759,0.3643420265392963
W2200572,3.316849167239713,1.7120208084530975,0.864655263290188,0.37769960545743836
M2200573,1.4794959901492164,-0.19026859667862683,-0.6254491295408472,0.02820079904913597
W2200574,-0.6832307658761252,-0.28699636079711555,0.4362621577565,-0.5083778457001946
M2200575,-0.6604063392432051,-0.42826285612919146,-1.786763188955237,0.3122296388626383
W2200576,0.30812869267940224,0.2181970415986041,-1.4099550041661897,0.3431511557160594
M2200577,2.4664304017717464,0.9578602881369082,0.81879689447738,0.09709873140335276
M2200578,-1.5947344648367139,0.3931773145344742,0.13399130250971547,-0.2368734415715341
W2200579,0.24848737832055967,0.3197379717456945,0.5186262007229108,0.16234572065705533
M2200580,-3.1948810389078144,-0.46707760643519713,-0.45457134998445203,0.08341152630095602
W2200581,0.3803739568001787,1.0090625963191229,-1.0637954373103073,0.11440679042083143
W2200582,3.0334550347375386,1.1581616599885796,-0.429423349888966,-0.10289114838522576
M2200583,-1.8323365258820763,0.4089109764595697,-0.4758792011818024,0.16789490710830512
M2200584,2.541990834573664,0.09924179498656505,0.5482666859454864,0.3585037824274626
W2200585,2.0732349619484687,0.6306015235102471,-0.5511919032865188,0.21261370212631808
W2200586,0.7815743210936543,-0.11672512794520329,0.4488141978813919,0.015272405401691835
M2200587,-0.6628263287633844,-0.07485433883197667,0.33332722633826095,-0.22872525251008796
M2200588,4.0871048825189416,0.7661141713441304,0.15694071086818417,0.002874836137196135
W2200589,1.8269674181574,0.5163205389511328,1.2974043616838813,-0.22500000409643506
W2200590,2.8121684787105976,0.689800725620574,1.4272124484062703,-0.19892928575756208
M2200591,4.448623542510144,0.4476414182779562,0.1540456007851283,-0.4905089942168669
M2200592,2.756081381464765,0.04534378455787513,-0.11851105276150986,-0.6561502280769631
M2200593,-2.272629576838268,-0.1715933165595218,0.8782093044904449,-0.38088417623331516
W2200594,1.8588280796966319,1.396824077819491,0.5962436956798032,-0.13055148255084903
W2200595,-0.36865470583133675,0.5986347692549823,-1.1207224964912696,-0.5185084476605059
M2200596,0.5469418952381027,1.2231053884705088,-1.1306554217009137,0.11417603338494633
M2200597,-0.96163331655994,0.4094624111661763,-0.7658681960215995,-0.1692902137997495
W2200598,0.37137986373114806,-0.15677501147216044,0.6501288942267741,-0.40632640535040077
M2200599,-0.2110167296354053,0.46420663558774067,1.1973384795442847,0.1720656882301531
W2200600,1.1092743302015355,0.7812087917955584,0.10111449058607713,-0.06529523105207535
W2200601,-2.9242967621691944,0.2546100633273154,0.07252825367959936,0.14252420308162278
W2200602,-0.6595947273402833,-0.4129127913715256,-0.01954616351839389,-0.021671853060422408
W2200603,1.452199406831118,0.25493651879290397,-0.09188682366382228,-0.22583311347194712
M2200604,1.1530996918067546,-0.5826778270467621,-0.2421811482062296,-0.13179868418411964
W2200605,-0.7022735858314224,0.5092351993917579,-0.5246237025367074,0.08111074212548508
W2200606,1.4185997343412993,0.6050147149566383,-0.0328938230763941,-0.06867915178161871
W2200607,-0.05159574557650437,-0.4668229554477954,-0.26788087150194206,-0.3224340790959483
M2200608,1.854696421641509,0.42095812402770066,0.1348586312936877,0.1793788341057555
W2200609,0.03477685210757997,0.035705085480008836,-0.045971533837879996,0.22706948134086002
W2200610,-2.1187648956463176,-0.25117708225501356,0.3882215195065552,0.3436321656147507
M2200611,-0.2764464370339468,-0.06466503786708633,0.39548312441415495,0.1806535980544568
M2200612,1.6958578237878208,-0.4887390753812355,-0.5500384468349632,-0.14727896357057885
M2200613,2.582236124625272,0.030611591734851173,0.28640765651067823,-0.19989681097838835
W2200614,1.402450283129233,0.0792342244224522,0.23708097170584408,0.2374752483195534
M2200615,-1.222127476180293,0.19470241883425188,0.6268594756387409,-0.16587599614710136
M2200616,0.2273722422566875,0.42581223185091727,-0.4778378739916943,0.1634465849983066
M2200617,4.072934663506064,0.6027997660230451,1.085924384018933,-0.17195577261169037
M2200618,2.7074747335873894,-0.0454448110238288,0.2884851201571961,0.19595781035621357
M2200619,1.4988533038243226,0.563294274981107,1.451366360917252,-0.00032144686264010125
W2200620,2.390807085663215,0.20940543981724324,-0.9967658765907778,0.33786517918872006
W2200621,0.49748349535284664,0.31239050960253906,0.5688824321055493,0.10687539324649853
M2200622,-2.1030052386300477,0.36431120440052983,0.53826929293785,0.30056785184296986
M2200623,-1.4941694810452564,0.09409024968617086,0.23036334797891467,0.14670908873787708
W2200624,0.8337515487470526,-0.6057620864004774,0.4877785865257759,-0.6880672320501136
W2200625,-0.3538012528259822,-0.37596376602618564,0.3465803379694198,-0.5794576311620974
W2200626,-1.0235336038949967,-0.03237458307486352,0.48317562839267447,0.10149560160088644
W2200627,0.14346879498882448,-0.5361088360512485,0.5822085193180245,-0.033277877692798885
M2200628,-1.51762036020214,0.746121255335634,-0.2929581262563159,-0.09131770406185913
W2200629,-2.1899814416806462,0.657925673603483,0.07706348632142257,-0.15603059858626533
W2200630,1.1079394545332475,1.0913479212285824,-1.495083473126635,-0.13706907453338732
W2200631,-2.148179248691836,0.615330691528781,0.01673661887889044,-0.34189844614029896
M2200632,-2.802986719029885,0.6507635534723901,0.2106571604003996,-0.32639735450519647
W2200633,-1.3650465683091735,-0.2183771311995637,0.49564955152598134,-0.33903130756183053
W2200634,-2.6696569059079707,-0.19265604941872483,0.35587515082217436,-0.12798175257158848
W2200635,2.6149866092469862,1.1750183309515276,-0.3615620709990047,0.11819978325230307
W2200636,-1.3000651852763712,0.4131364395338874,-0.6090770476045576,-0.03883085080219889
W2200637,1.3422971212332704,0.8496343650340836,-0.505158809351062,0.015007808917351984
M2200638,0.797061548928311,0.5688965095669564,-1.4220238048124232,0.021317300931506883
M2200639,3.1531014902387042,0.3537700630315129,-1.7601456328719998,-0.13902159763888805
W2200640,2.3636073433796363,1.4082388242177846,1.0842811974658635,-0.4637148205499651
M2200641,0.8404146604872125,-0.29663258101759027,-0.32326927446492404,-0.11823213334762031
W2200642,5.270983816088732,0.15294088846754417,0.18193819314899545,0.11589171335795981
M2200643,0.0412591520643355,0.10310853363565875,0.12118522021052636,0.3240167044438696
M2200644,2.7466425350828874,-0.253163771125004,0.24787834356493577,0.410282477578157
W2200645,3.0743849831619134,-0.5810233750586988,0.9456174344546837,-0.4707625317846775
M2200646,3.1618446373397644,-0.05251706717052251,-0.722974704789424,-0.5209844275047835
W2300647,0.046683052600094754,-0.0691019425796,-0.33821848501028373,-0.25723020190077683
W2300648,2.4181197513430917,1.0158513177632749,0.4955498541340111,0.021252879686474546
W2300649,2.5026614904115645,-0.14795392963490916,-0.4351738222435061,0.31054763876988994
W2300650,-0.22840558138386946,0.261209643455264,0.459070415005439,-0.1631252113347299
M2300651,-1.5182571867698709,-0.4049340388733298,0.5367526720010283,-0.2579132406075647
M2300652,1.809872687218105,0.6787406828279903,0.30093211982599744,0.2652523065738903
W2300653,1.0172336465567904,1.3461772675691208,-0.02695512917771614,-0.2351081520279238
W2300654,-0.02759886439859649,0.14141901265861456,0.13704303723653877,0.07448258920931908
M2300655,-2.9695280452459354,-0.6667843547687025,0.8115031417300318,-0.3184269569018325
W2300656,2.724508209092077,-0.0205829528875745,-0.13320121179423206,0.08666232121340733
M2300657,-0.9675357786219445,0.04999421969564155,0.5029141672465676,0.015395835704337363
M2300658,1.5135068888875196,1.0207096133427978,0.6209217520676462,-0.012304710684948955
W2300659,2.558420983135945,0.6168220765210972,0.024659651445594566,0.34527095409968145
M2300660,-0.2865233941705547,-0.1564236720726786,0.28306213532961744,0.10919585130258186
W2300661,-0.5893034110159565,-0.3343750132680041,0.8492051995602683,-0.27042625931562553
W2300662,1.570959348006348,-0.4829045314567346,0.7487098016592499,-0.3362426244049209
M2300663,1.5509849432809761,0.1781150269034617,0.6316492599250348,-0.18928443246715826
M2300664,0.21944210107313822,0.6741484106925733,-0.8748975159283622,0.38516639204400543
W2300665,3.100393666405495,0.42930281786789903,-0.12192628438931352,-0.10974669905018516
M2300666,3.4760134783292176,0.14902159394137127,-0.36087851182207353,0.1693461269775493
W2300667,0.6939889850534176,-0.09319741179810626,0.43545686995229643,-0.35965284103892936
M2300668,2.1676437555581067,0.35238368521248303,-0.1916158525530225,0.03482727440191272
W2300669,-0.16908571021259444,0.4436285059853602,-0.09063362169458189,0.6104407829952403
M2300670,0.4610445878480016,-0.26831979740238276,-0.2284496696274807,0.02653967352826958
M2300671,-0.3930730064705994,0.06479510414287148,-0.6230732279100525,-0.5344081290431913
W2300672,3.734294146942826,0.5359467889913521,-0.34697730565917395,0.32152228497721336
W2300673,4.703165258732967,-0.27908215872649267,0.4733098725218494,-0.358066226959716
W2300674,0.20327947493905274,-0.2771403970346098,0.755099030868345,-0.4843482998416655
M2300675,1.3098680998642718,-0.4178858715051146,0.8559616209636594,-0.5288086638163791
M2300676,0.20583428570152051,0.3305833972049077,0.08790296214309323,0.09956832583324504
M2300677,4.336066765512207,0.5928837410498603,0.4035612792076433,-0.1899683875651885
W2300678,1.9079470367374016,-1.1530325434192752,-0.5314743989419061,-0.6241541299128317
W2300679,0.056228000055681626,0.5463324209088977,0.31377979861579197,0.06288916945434106
W2300680,-1.546936257477757,-0.47467254425062033,0.6399133156665702,-0.005157683736506671
M2300681,-1.291708625764059,1.2045334389017752,-0.006913169763652416,-0.14217948880609216
W2300682,-1.499009226622884,0.6222785810625344,0.28443440978927814,0.16890394723789554
M2300683,2.6148089854527123,0.5176386884020561,-0.2775781494098152,-0.568219932342078
W2300684,3.165623428632564,-0.21166757914391388,-0.20823312142276085,0.19342447686412373
W2300685,1.6712712165281522,-0.1764340912222382,0.8922596461962438,-0.2826143002649709
M2300686,0.44219440649535446,1.0016794764057304,0.9698520508225628,0.17085878190988274
M2300687,-2.656965008020123,0.026905891356222678,-0.48507711835884615,0.22146863781355647
M2300688,-0.7498619942180138,0.3897447241395611,0.2738174573393441,-0.09123549835778058
W2300689,0.1713591782247077,-0.4692465890978339,-1.1648427677851485,0.018091730241459353
M2300690,3.6051305830758213,-0.3077529593968007,0.16070347872075064,0.2519739639185015
M2300691,1.5772024278503154,-0.3430826041130779,-0.3800314367964027,0.19694495424395864
W2300692,-2.812299778528711,-0.0863339005487056,0.24542713305476527,-0.2926527969087839
W2300693,-0.6473238983657552,0.1988284984738642,0.4036931625608813,-0.024702512590195527
W2300694,4.163649740253778,-0.5646045207255552,0.25653455201786113,0.06335600414464704
M2300695,2.4973713991897837,0.16374142501480837,-0.4538472965457282,0.02425655163755605
W2300696,1.2418749665393078,-0.24323789390551176,0.945283452850852,0.0055591163692948475
W2300697,3.128146967408804,1.2174486563370635,0.0919627115765953,-0.2223689676136034
W2300698,-0.36842216117355076,0.03714827349016836,-0.08830561322061936,0.24044865337721621
W2300699,-1.305117864361204,0.29113341302304385,-0.47006048425101465,-0.13338140631617723
M2300700,2.2784854827316185,0.30912114410965247,0.33300085007753394,0.13134444386342198
M2300701,0.7865965756999738,-0.40049626261770555,0.012007587433053524,0.22676527848094508
W2300702,2.697703518908626,0.387643111071507,0.5361381948936363,-0.01281255148074667
M2300703,3.5594523357494117,0.4145698089598457,-0.27383472496490335,-0.26416841727910056
M2300704,0.4347475804003538,0.05879070137136955,-0.12566358179618442,0.35078002796396235
W2300705,2.8316178587113408,-0.05879583111638198,-0.5214934079490584,0.23644316219544925
M2300706,2.756593854893225,1.1330639971967171,-0.017221008384849634,0.15470065299703956
M2300707,2.3635712567835996,1.307700402267018,1.1175919992252021,-0.060231163839053414
W2300708,2.6659908860835246,0.7873338224984494,-0.964041750961823,-0.0027030083897917473
M2300709,3.984482292892881,0.0233055810888807,1.469718420946639,-0.46701022283149274
W2300710,0.14123442128644914,0.3081228653620417,-0.8276049261193127,0.04108277353579792
M2300711,-0.5506921921131775,0.43148840741405614,0.20078457123218196,-0.0076421521520645685
W2300712,3.9949729871943505,-0.11101730430437096,0.7394455630255895,0.05265710657490644
M2300713,1.8707980277187457,-0.21762057120121603,0.2573965052584034,0.11908022597325368
M2300714,4.291442189948509,1.1482868486943516,-0.3930137955060896,-0.16765766785685052
M2300715,5.544528377865799,0.6609397320292746,0.5963784892101173,0.23088841398190174
M2300716,1.2533808775721536,-0.11732336562664736,0.28411454957742843,-0.40045297134251684
M2300717,1.1362015374952898,-0.17569213092728997,-0.036141580612935154,0.05071146811777341
M2300718,1.1219530973257008,0.7566959776722868,-0.19377914730451173,0.0104538104161295
M2300719,-0.39569412158715345,-0.4079118857316191,0.288312292421451,-0.5683378219479052
W2300720,0.5188015121706293,0.24127746898775526,-0.3581199129862914,-0.20544317700500392
M2300721,0.9858020419601554,-0.2015399187731869,0.40034171804136176,-0.0014119103756584511
M2300722,-2.160850696058132,-0.042480652450729295,0.592348616325556,-0.07581674130529356
W2300723,-0.7876407629057631,0.28156647321935485,0.4094456004674668,0.07799345393418897
M2300724,1.111233638610413,-0.07499465275323824,1.214797148185147,-0.6597860640688551
W2300725,-0.9727637071639945,0.14749412807537776,-0.19216218065585522,0.25505581002363503
M2300726,0.28023120441827665,-0.7149262841215518,0.16038691965048696,0.03324923526603235
M2300727,2.4546466649095344,-0.05674936695480448,0.7657723244594368,0.023688691356397562
M2300728,1.1626394815612593,0.2337793190632536,-0.2589065063476257,-0.0778277641887849
M2300729,2.9134126048983906,0.16830784495326223,-0.5948764865193118,0.05733713777707172
W2300730,0.5385751367094644,-0.05333635154800076,0.47839950579352913,-0.4960091829957339
M2300731,3.98430624213121,-0.3669883122826967,-0.1340664466381516,-0.1596463177163249
M2300732,-0.21304972224830632,-0.3660886249961064,-0.12126141575329796,0.07299741457593584
M2300733,1.3745950114440104,-0.5161231858236282,-0.19345725604097208,0.07071454952064304
M2300734,-1.5097455641859643,-0.47169613490812323,-0.5983392696344972,0.19739333544201698
M2300735,0.8073701877218133,-0.17887610399403675,0.6341382638771919,0.11679138743198617
W2300736,2.7851546966736134,-0.2351467664180954,-0.18879535823491223,0.3093772746133225
M2300737,-0.6010394641695935,0.32063811672935577,-0.516293113570592,-0.19960903196546778
W2300738,1.0483087936599622,0.8939881666474166,0.07420485564825008,-0.21470190779204898
W2300739,2.90993344177979,0.7234112791067258,-0.050279386333001,0.8131382946948364
M2300740,1.5980694581547823,0.9755057393406465,-0.937691078607488,0.4458849177167184
W2300741,0.6865586272831665,0.21100050659044933,0.09487252712089478,0.09506649352861396
W2300742,-0.7108874906293989,-0.7261225618643392,-0.3021543208747941,0.46336226509889705
M2300743,0.9525217075367327,-0.25381575453654304,-0.8573170300511151,0.3736612803763441
M2300744,-2.4679147783422923,0.25673410484874293,-0.21627754148735256,0.21567813836154676
M2300745,-0.582771554638029,0.5768406003228026,0.5489152405129384,-0.2452353309414476
W2300746,-0.34207370993275177,0.6308672460082299,-0.5292041534926616,-0.030784191075181308
M2300747,-0.6485950633318653,0.1626638902753771,0.3449613042820737,0.20893334752547282
W2300748,-3.2397527937091057,0.3618006406631532,-0.15282229270548997,0.11220530600425474
W2300749,0.555761384152853,0.5290873449603801,-0.39760407259354047,0.41896573790561203
M2300750,6.772519755319419,0.7117115848246497,-0.162398630008728,-0.0938744362919106
W2300751,0.049998066177670886,0.11394316907605062,0.21814372942173177,-0.13391940228102747
M2300752,2.214681945243688,-0.41093897664792034,-0.0023418676090875,0.07284227321869374
W2300753,5.008667911386155,0.7529062123781725,0.8876533890546568,-0.002929743333312876
M2300754,2.4896784161358165,-0.0013866100368089551,0.30122107145276955,0.14505670787594466
M2300755,1.0347434988061286,0.7772859036384943,0.08831425004979443,-0.19475797585513255
M2300756,4.961744107847725,0.28411475378806594,-0.5523379570054029,-0.042843855762078276
M2300757,1.6234532464941802,0.36444512299742093,0.184004207910058,-0.035113074588960944
W2300758,3.628316841870634,1.0812121703040913,-0.828804544705689,0.1700136769796386
M2300759,1.3476372161748014,0.4763071199394829,0.4831838251762011,0.1876368037659295
W2300760,1.9601640639044047,0.758531938147859,-0.04935447951707983,-0.05562442294943601
M2300761,1.701951316178353,0.5777572175665648,0.2045254341135499,0.07615173681606935
W2300762,0.3460343518454052,-0.2596865616902745,0.724090617836444,-0.5530158705728491
M2300763,2.3708291728341937,0.6248274143144621,-0.3053262153866323,0.04665602405158778
M2300764,-0.7761670704882242,0.10944433355800398,0.4218077020473413,-0.2708388012749545
W2300765,-1.4231070718629226,-0.14103823974858054,0.23731544089534734,-0.19164740145837883
M2300766,0.1273393855853664,-0.29399412047806384,0.2398402188741332,-0.11337695211145835
M2300767,-1.9376487543057852,-0.34228399706530954,-1.2005733787961108,0.47174221831088387
W2300768,-1.2064136115102304,0.08360386386000551,0.4158161351771128,-0.34026573621124234
M2300769,-0.3087248538483909,-0.14891903246631277,0.18432430747746165,-0.2585376599601975
M2300770,-0.22808655761874252,-0.7281364207997567,-0.16743945064263177,0.22292746446474565
M2300771,0.7055065979367825,0.39338796443352636,0.11698262966668727,-0.6066522186516592
M2300772,3.9087661819852637,-0.13367768811111835,-0.05788595507886063,-0.43465577728428256
M2300773,4.985289602095252,0.6899154909126273,-1.3171119495171424,0.4862260616528739
W2300774,1.4027824618020652,0.8933019056712128,0.08882333404037879,-0.020900306934285504
M2300775,2.215563742338396,0.7225044398105728,-0.5515173843116624,0.297843317511089
W2300776,-0.8358649265344775,0.17333441844314312,-0.11302987760195904,0.2416359993055251
M2300777,-2.3111295370258453,0.11863840401695602,0.32779323349760886,0.20248464886675005
W2300778,0.6587790756211973,0.06880683816509692,0.9461580541068257,0.07905160833235064
W2300779,-1.477577117487554,-0.06950398556569337,0.2438530748324635,0.25149498243454244
M2300780,1.6148803762621275,0.8288707806649398,-0.3568250598160069,0.3959334653657693
M2300781,-0.8255905758411011,-0.0195937392749308,-0.5663013871485475,0.21052541307693112
W2300782,2.6198591925399484,0.3691709317952835,-0.65853020965965,0.5912701515273333
W2300783,1.5789551151427932,-0.47016113141469495,0.2106848427294229,-0.3037289292091106
W2300784,3.6198960420839237,0.0944728790230368,-0.5577186151410983,0.3083636433422186
M2300785,1.8006837457721327,0.029410976632625596,-0.6821825356546541,0.07643663430684489
W2300786,2.719935003172054,0.6472648650153934,0.8489034170147294,-0.39221129341880795
M2300787,1.834900247896654,0.6532142895429092,0.6351101018011218,-0.2508309565326039
W2300788,3.6311503149144535,0.45398324917028027,-0.9752658465728355,0.17132299896401793
W2300789,2.847606801499129,-0.09941401859363952,-0.41194912656324345,-0.13486179191412645
W2300790,0.5566346137619487,0.2332562759654594,0.12890577300362827,-0.4928834879204876
W2300791,0.7642609772117299,1.055605815188928,0.12951036215525102,0.04712189326191224
M2300792,1.5951173301972466,0.5505611750831934,0.3733911531211469,0.0918085149764816
W2300793,1.3877804479252909,0.16732081045405922,-0.24478911604288156,0.45537123404308594
M2300794,3.2934016213796964,0.6181399716971616,-0.5197149332959837,0.31371657625981786
W2300795,-0.39725722136726205,-0.25569542157674885,-0.5078566642500596,-0.16051087777477585
M2300796,1.6020916462009334,0.17394181820869659,0.17316286609795062,0.3401299687998882
M2300797,1.1064097989343211,-0.653905839353961,-0.7883391844958599,0.23512205918871537
W2300798,-0.5712637314795144,-0.05517286166850677,-0.8015523477635006,0.26113587363544444
W2300799,1.3953257054994146,0.5717276668139147,-0.16318589666012284,-0.1104586861476991
M2300800,-5.471313914700082,1.0489907298545547,1.2506286365506083,-0.46211491274943634
W2300801,2.756249840554098,0.44241553816029505,0.6492442530737715,-0.4375022185426791
W2300802,1.009141837300234,0.2457260064260786,-0.05486024113473331,-0.23729468229429396
M2300803,-2.349074224236416,0.12057745648276208,0.09971588424844102,-0.029224544474155914
W2300804,1.0131085579080557,0.226587117881541,-0.24646087520893867,-0.16633412936251674
M2300805,2.3280938047375566,0.3854179140152485,0.46202106073278715,-0.21019278048551843
M2300806,1.3757886831704722,0.10047162790182462,0.5287340326816651,-0.14281984190988012
W2300807,0.9005472361774194,-0.7439028667285115,0.7049390199223117,-0.092570602468565
M2300808,-0.060910962425664295,-0.07480734586562887,0.4032273907318792,-0.5773863173964167
M2300809,-0.917455960419546,-0.4504796991248876,1.2321320568022154,0.09062101903640654
M2300810,-0.6104229000143766,-1.115616331536195,0.14271807847918672,-0.39564457644333245
W2300811,1.5361000910960692,-0.4318560236136888,0.10270482783449641,-0.24769638987110087
W2300812,2.133002262515381,0.5787646672189323,-0.2500536488657925,0.18369131667795352
W2300813,2.8980174414510262,0.22639879751987663,-1.0378133125414366,0.36541149603279277
M2300814,-3.844443773107451,0.6268391734329708,0.8156586343846541,-0.4271803994557169
M2300815,-1.1666977755408228,0.6656104725431721,0.7353581040706296,0.3838833641142864
M2300816,-1.3586070300317026,-0.5792562538379833,-0.8746765115224574,-0.02533685850591108
W2300817,-0.24685772830404407,0.6853776466039875,0.45051490624684876,-0.23941513072127896
M2300818,-4.035879548145357,-0.30505625167562234,0.41918193101364376,-0.3012552494170344
M2300819,1.817547199406071,0.46530583528319486,0.292092686599374,-0.14920292906230062
M2300820,1.3619795650073931,0.5081969735071454,1.6648163925646147,-0.3689714617264137
M2300821,0.7739161882382053,0.35880905490492987,0.48288032345234033,-0.003802540516435915
W2300822,1.4742515491504697,-0.4335802546810188,0.10924418973478434,-0.5761048706049366
M2300823,2.356473457746823,1.0577166277816858,0.19098167542573874,-0.16954502093036453
M2300824,3.250626081535148,-0.14600043942344965,-0.23703715191190633,0.17938568178815384
W2300825,4.073023597919762,0.12888214245686158,0.28696797076933284,0.38172693074728387
M2300826,4.502120297665718,0.40345772968443816,0.9409079896897714,0.20232045420443018
M2300827,5.15812897917391,0.3822734778207386,-0.11709726072031812,-0.10043875367223785
M2300828,-0.10144917554685229,0.20722048314817965,0.9593519088920132,-0.18178683655914757
W2300829,3.8752953587965027,0.4758317178569561,0.1836313674403266,-0.07849395292764062
W2300830,0.5456045415951407,-0.08010419162391869,0.6911450662363844,0.1690926397132333
W2300831,-0.6912292866156795,-0.0893437621560974,0.2651867493262967,0.03840614948507176
W2300832,2.2119185961829126,0.4271637947105654,-0.3732172173581466,-0.11883521415133681
M2300833,-1.2059906870219175,0.31587290125389794,-0.25594010665898426,0.1080244367885532
M2300834,3.401738296652016,0.5401437105350133,-0.5787227844690644,-0.3950822887968245
M2300835,-0.4296189137423685,-0.012276392023814364,-0.24002628443997953,0.1621204461144244
W2300836,1.6758026280615939,0.24469312283103023,0.842818078932971,0.11193362965901277
W2300837,1.1685534436211906,-0.41470477539456074,-0.10188479184209742,0.04390882941195087
M2300838,1.45551776514891,-0.03890637150471177,-1.0318427653227351,-0.030547394481655193
W2300839,-1.0771672223986561,-0.22258772065992827,0.4869183386679673,-0.09738779450751647
W2300840,-1.1579432178877118,0.24074330327716448,-0.05981012346438597,0.3172610445667192
W2300841,0.2641377491231127,0.029751273570543746,0.4641054794358335,0.13115142146473907
W2300842,-0.5598504959127881,-0.6844449138423865,0.20093931153271927,-0.13584855081845396
W2300843,-0.37734921507406316,-0.027259823468263722,0.017020225522897503,0.10076275999878123
M2300844,-3.832817981238791,0.2134832182020343,-0.4148238845632565,-0.37464767517025643
M2300845,1.8175811124328116,-0.3040595774068897,0.46681284227761544,-0.3086883882487417
M2300846,-0.10718090407138803,0.5348292050125955,0.7476811219668752,-0.4100826918397061
M2300847,3.268447588108644,0.12326351961823334,-0.34650302428642543,-0.24146537699023135
M2300848,3.922710492854656,0.43730802021686305,0.3165125916578941,0.37549931483080107
M2300849,2.5068255503694665,0.4825617599481816,-0.09899858385922444,-0.07013591075049362
M2300850,1.0143947254590837,0.347225905197715,-0.5372276766992446,0.15392240805705126
M2300851,1.3556494520890086,0.04724191570174652,-0.28305005297832875,0.16578177800597704
M2300852,-1.4267478961449278,-0.3106088775383866,-0.1318460962214918,-0.16576357434616285
M2300853,1.5712326990293901,0.09290141040748323,0.16640510034576111,-0.15093381811115594
M2300854,-0.458126140147332,-0.3593279776288394,-0.9283439040501947,-0.2188119479387668
M2300855,0.1591867509997016,0.13948745563225606,0.24458858942405293,-0.05134390244959623
M2300856,3.6011381151593826,0.06339623998935995,0.2705541206068704,-0.0004698324902169815
M2300857,6.007391547105499,1.0056019094948832,-0.38202893041242236,0.26908415092873517
W2300858,1.4267102970959202,0.8068351699366259,0.7722765423882947,0.24633278115398355
M2300859,4.3660156076478565,0.11171300909560555,0.8768550610628616,0.06702644863472781
M2300860,4.461863018631765,0.6972355957308982,0.4911026749524898,0.9659219168266071
M2300861,1.165840138001093,-0.12592300205801388,0.6272208047284732,0.40320329464259147
W2300862,2.8297862206900106,0.3515082385842832,0.2652935306598734,0.4448679573819954
M2300863,1.7020057406599807,0.0023614293810647613,-0.6368819744689044,0.5886631005680365
M2300864,-0.5871772614028758,0.4550047662314992,-0.32796099148465285,-0.26216039678206365
M2300865,-3.297149398535982,-0.2225036909098015,-0.31760526562462144,-0.12497649405545365
W2300866,1.9241858840562265,0.17413364475265292,0.36897389455288776,-0.424487854376373
W2300867,-0.443910163605695,0.16032483705675937,-0.9520354550062043,-0.07029966135188515
W2300868,-1.804220541760806,0.30377211472373855,0.9108407253385522,0.10703039597115416
W2300869,2.0217587914894013,0.6699045136623123,0.5184984031466345,-0.16226141037700983
W2300870,2.494628354090368,0.039912242318642654,1.0538767860269755,0.197096198224258
M2300871,1.3142344597770945,-0.18289412613163225,1.4987226941336271,-0.545490809891135
W2300872,0.02900525614715832,0.17456811637891356,1.1985344669763618,-0.2604764151069684
M2300873,1.805901304452222,-0.20931042212008544,-0.30840367401869706,-0.4441252030229736
W2300874,-1.67413973198693,-0.40593849948406313,0.35821276081321674,0.04621509458409881
W2300875,1.9778061504834943,-0.5585379396405907,0.28299394534046374,0.2138078573044398
W2300876,0.08609972341661987,-0.7436617110203045,0.08097496133882798,-0.04670106899626021
W2300877,2.2001893992402155,0.5103024785504666,-1.3808396202595192,0.5070417643538574
W2300878,2.413760637628216,0.4887973003656665,-0.7179669810125998,0.22329900006017
W2300879,0.783433561423672,-0.09061239510268504,-1.09208452948089,-0.03772649889514114
M2300880,0.47132537092769766,-1.1125937169886346,1.0111271390234344,-0.31921317113426634
M2300881,1.1242873225533008,1.2064142772355737,0.40023069261841676,-0.4607528738286693
W2300882,1.5163808082801236,0.059316515915182166,-0.34341856995768805,-0.02043606305482315
M2300883,0.6436129639911199,-0.5903987914056834,-0.37424869791636095,0.0837410412980851
W2300884,1.2735574781966799,-0.22612411517824083,0.07787066230035355,0.14915125959571818
M2300885,-0.12226533964846276,-0.001305550857885751,-0.4974666370601547,0.3219574114617203
W2300886,-2.0206994267594176,-0.0321194579288302,-0.9942283515501699,-0.02126317641376116
M2300887,-0.49220809263495724,-0.11502043936038486,-0.13838727139657403,-0.2957859131516657
M2300888,1.9780282139866325,0.31948111648268646,0.3645058131850154,0.16009382624179036
M2300889,2.0423254707369636,0.7803416789200506,-0.6285853247528547,0.07032748799896923
M2300890,1.1825469455436801,0.16447102577017592,-0.34865019776020467,-0.5377752457727183
M2300891,-0.025870670781364957,-0.26275351682899395,0.7415269887629806,-0.4970211539079291
M2300892,2.391376063114764,0.17963451054065094,-0.3086649908368301,0.16342857815121492
W2300893,2.1902292780268295,0.1413855662140021,-0.9337995670265918,0.29365653310419343
W2300894,1.6115743592922818,-0.04014296343190216,-0.08728661743692656,0.24832828264756662
W2300895,2.170424573412867,0.3454109143152596,-0.010600032449644803,0.230149943429035
W2300896,0.08900518257863776,0.14307148054302676,-0.11497943840555169,-0.18149045182257997
M2300897,0.17023623393335807,0.8295268830468241,0.028495775857143246,0.12962735607862713
M2300898,2.6977037551805125,0.6270431100849941,-0.44567224492451596,0.44226919951413785
W2300899,1.7824331753433702,-0.3787756378982132,-0.6667652754789385,0.11730654860340303
M2300900,-2.0810197396225893,0.17007698927138437,0.5179041905507846,-0.10729726603053731
W2300901,-0.16688978003082955,0.18422467194606174,0.5000682111827648,0.1471990224903783
M2300902,2.3171562713841327,0.6351044164443641,0.020600443158903747,0.18227106742277172
W2300903,3.3210832971182773,0.18930123911290397,1.128557365780598,0.22267681918726184
W2300904,-6.2570440758346715,-0.19495107678102275,0.3746626200465999,0.16883910284271164
M2300905,1.0375469268055308,0.7631807553194956,0.07528557789528101,0.2769459765582645
W2300906,4.053895242018808,0.4953818685121504,0.4870552710093207,0.30884280385327
M2300907,2.447022419277145,0.338261871097055,-0.48426201711831796,0.2955640078026831
M2300908,3.632658571843213,0.5453895476102467,0.3871034798409062,0.1446448432361746
W2300909,1.1419088643356288,0.02808625038456114,-0.4473130176441794,-0.027061238454365394
M2300910,0.5762097357912914,0.2190033626417347,0.5188869755518382,-0.20871720984646228
W2300911,2.147897901301454,1.145888717450105,0.2506166743121541,0.23990322634964106
M2300912,2.6994541406132013,1.2309291093880632,-0.824876550883001,0.5063794787508282
W2300913,0.0034868386153537045,-0.672791102927178,-0.12166255300754414,-0.26559194055176655
M2300914,-1.4532974556764442,-0.16765670944469202,0.09657854312231462,-0.37511551724376635
M2300915,-0.3012846156161979,-0.5159730607549529,1.575685728972551,-0.8367468511489129
M2300916,2.2901653813058074,0.0335885903016413,1.3316560537969622,-0.7430295017423212
M2300917,1.7118644296459489,0.3014403490890023,0.7539434480065614,-0.057082623078495126
M2300918,0.923345878646185,0.3528212675228961,1.397660885917301,-0.33193441087326825
W2300919,-3.278583812304154,0.2553630809529641,-0.01818532041419041,0.23445831448606808
M2300920,2.1301434576269185,0.12284215909412821,-0.5919459930623755,-0.09447992987632202
M2300921,3.6598413887755745,1.273108486004638,0.2628373509259152,-0.6412668303614446
W2300922,0.5133423902445635,0.6468638543023354,0.2889867596255103,-0.1090904349142041
W2300923,3.530353383564718,0.7557183301488906,0.06282578112720694,0.16795852394695415
M2300924,1.5776805524398667,-0.3337073008859375,-0.0432589659871796,-0.2692545298682749
W2300925,0.06043606658353351,0.110164008407996,-0.17147225531974586,-0.19567595765550963
W2300926,0.32482097156783407,-0.3163780058775796,-0.04693467906103144,-0.4388840897695329
W2300927,0.0002101159494056759,0.11864538518183476,-0.4927724325736226,-0.04951575219314873
W2300928,2.2599144991461646,1.0050087155810865,-0.4592641204381681,0.27001196711292075
M2300929,2.30853801040901,0.4570751488569252,0.07628554129197984,0.42159318155450337
W2300930,-0.31973188689678,0.056591718525358825,-0.04509872550463556,-0.272741554889459
W2300931,0.7808107989381501,-0.5441040777100368,0.048565467577922905,-0.2771492192192527
M2300932,-2.7016300932112163,-0.27519238074380103,-0.1631682051457698,-0.2202884462291987
W2300933,2.0039469501548,0.7611520992637365,0.7324800917914942,-0.06895333881286858
M2300934,0.4529608154996234,0.38707705367900214,0.5157960074038194,-0.17133148529737907
M2300935,-0.33485028481468326,-0.6682945222672032,0.32482278884809823,-0.22482021585564732
W2300936,0.12616932439240625,0.11432308605881214,0.6313901033862589,-0.22271370462938894
W2300937,3.3973608741912598,-0.12717849518826718,0.7838589037647827,-0.2877599329955443
M2300938,0.3160254759268999,1.087012594815319,0.8566608446492274,-0.2667482148176368
M2300939,2.3287202744100615,0.8632076000457416,0.2964705310118844,-0.019184561980448434
M2300940,0.5247050740990256,0.5826077669892394,-0.5554175389588195,0.6054260992546112
W2300941,0.8286321481333179,0.32897719458524005,-0.8392196600133405,0.4346483211872956
M2300942,3.3554877172430917,0.3775067177791677,0.7596135359632755,0.014363803581341567
W2300943,3.28619570247634,0.1476809312169184,1.1923877857713103,0.25832710289164973
M2300944,0.5086103006370131,-0.07445041992667767,0.010761714530240551,-0.06168460807867639
M2300945,0.33971531845129554,0.4817736844138483,-0.19112004311314634,0.10984390580989914
M2300946,-0.48917360624449113,0.6123432233899113,-0.5751521179756586,0.07427145009910405
M2300947,3.970947184296988,0.005477665721156599,-0.1391742086111296,0.10646087593181841
M2300948,0.9425372595338186,-0.40058382660429626,0.5124698644448675,-0.6417106876827219
W2300949,2.4255967443603486,0.8763958617459365,-1.1642517891886865,0.7846163051292481
W2300950,3.455015815865122,0.6815983982624829,-0.724677468476148,0.26069496099182526
W2300951,-0.5849678733025172,-0.23321071329704424,-0.7520393709683643,-0.17125093743837416
M2300952,-0.7544113199412008,-0.050465124806740036,0.6396444328645001,0.31908082559822964
M2300953,0.9180038418052243,0.3037706864577535,0.6435509043109757,0.3482985618393938
M2300954,1.0255630696068079,-0.26001316766066174,-0.8249995020661384,-0.10667271615485964
M2300955,3.7439618156543677,0.5579260214850033,-0.29051573005021714,0.14430058388489236
W2300956,5.366757611627497,-0.3285235919463261,0.09938541103993281,-0.07059466292407207
W2300957,-0.5151311122945632,-0.42909661239282415,-0.5176452253382854,0.29958482451285195
M2300958,4.313640684199207,0.4965742567228144,-0.055614498167034676,-0.057683876101136664
M2300959,1.964014979893307,-0.37157053574217436,-0.49148685666252623,-0.24776760393241715
M2300960,1.7545100489597374,0.09060267727852112,-0.27627772789626504,0.05046821404063079
M2300961,1.2089245424479165,0.35557242883364343,0.31904209688406543,-0.5594345631150479
W2300962,3.826783417697934,-0.23647865537528934,0.5900281560504947,-0.2414372957762373
M2300963,-0.8290101182104843,0.49000658696167587,-0.7167319390593813,0.14722202690757258
M2300964,-0.5466504334911644,0.11596424618816392,0.43560575009044256,-0.24643885597612664
W2300965,2.5344228529624413,0.046766282019835126,0.5819588344113679,-0.13858893652931017
M2300966,0.7581386351969064,0.2817354551379611,0.2570273746362154,-0.01604434022511879
W2300967,1.7693022034766916,-0.15041358448502762,-0.3105086067797713,0.27020254687254636
M2300968,0.6862200534504543,0.4100680943838467,0.6775052156490747,-0.09377598091215161
W2300969,-1.1105222894950426,0.3484042906665061,0.018053040265885056,0.3599551322620489
W2300970,-1.3016933892511418,-0.4645734693228747,-0.1921268740210389,0.44712466166432246
M2300971,1.4962682299911938,-0.2793919064681535,-0.19455701793858193,0.5221639763351209
W2300972,1.9412109432876639,-0.3144335673291905,0.15761218368171326,0.42888064684747035
W2300973,0.5620985340766254,0.5971488036265429,-0.2459653844791777,0.166257314791463
W2300974,-0.6988760776587801,0.8621205001854739,-0.6397658993905279,0.1194695852204066
M2300975,0.44474827135189887,0.21444211039268524,-0.1925449212660818,-0.3550498336560571
W2300976,-0.15963993200097626,-0.314258922836951,0.41382226296184643,-0.561267480948406
M2300977,0.6978981942541074,-0.23831459103642239,0.39254731056463965,-0.9077136966342123
W2300978,3.3078004874877447,0.2583955414867652,0.7332674375495493,-0.5192827359289915
M2300979,0.5903409773047619,-0.16884041429718288,0.6800482359515126,-0.7197310276820319
W2300980,3.1348344471313565,-0.10096301312270828,-0.1281513750698775,-0.2001180406509201
M2300981,2.2510893745741467,-0.9731231545612573,-0.04640414382743563,-0.2481620362127797
W2300982,0.6251692998712923,0.7026066842617419,0.11497800694530502,0.06295034448878564
M2300983,0.12552907884152198,0.7641702001562533,-0.4897413077966314,-0.05796051590327758
W2300984,2.1852670599441693,0.3118003759702134,-0.33252688050501245,-0.41245422188893965
W2300985,-1.4362864401276827,0.13715365633033705,0.5161281237141595,0.3136959816179068
W2300986,5.150467820684782,-0.05393146282217909,-0.31698306844091584,0.06198041157417236
W2300987,6.480580953823992,0.06742953477340585,-0.29914108019956354,-0.09039194746180468
M2300988,0.2848962204144394,0.2264476401204788,0.6108685878084094,-0.5025394320190073
M2300989,3.6205900328024145,0.14483509110001713,-0.17463680166686213,0.46063073893240597
M2300990,1.1124832927398027,-0.07532888939652793,0.10739387988306814,-0.07536647683808438
W2300991,2.4690910652370714,0.15658454521287157,1.1722846734041072,-0.009542670886310875
M2300992,2.9211119009835427,0.4467883154018936,-0.6825505461620972,-0.005036044600554776
W2300993,0.923593369324875,0.19124382687906094,0.734186240169701,-0.06644748531935298
M2300994,2.268471654198243,-0.19971106608214773,0.43282983021591487,-0.6610189912408233
W2300995,-1.3209985276011933,-0.41631206637801044,0.69099305846746,-0.33774889315116513
M2300996,1.332067215709876,0.3338036040468343,-0.0029125859958279987,0.09356879973930204
W2300997,1.7014780046042173,-0.237311072142381,0.19596032146479625,0.00906777559220337
W2300998,0.3738599221366288,0.552137015119196,-0.5916673537058007,0.6956235230067009
W2300999,2.7673058513548794,0.6801106187418324,-0.8241920146793379,0.4141770028978025
W2301000,-2.249139201622146,0.11761408052101163,-0.4631876908694609,0.31574488458703065
M2301001,2.5124156031956972,0.11008433320976496,0.0837107121029469,-0.14391459423536068
W2301002,1.8924125748042586,-0.46421863620704196,0.15266291084641237,-0.3766277213181757
M2301003,2.981485544049062,0.8488630624401089,-0.7189939450181978,0.6322106774356957
M2301004,-0.27765504737930247,0.9565168640348236,-1.0528696545117469,0.5738041203728357
M2301005,3.161425413941177,0.9426519915376452,-0.5189646949150658,0.12676311244720295
W2301006,2.1491514152545124,0.1109997972101302,-1.0306901159569737,0.31308404067427903
M2301007,-0.016616464001124598,0.5522069100409865,0.18711046825865807,0.03704290064398777
M2301008,-1.516013615972783,0.27394874208795056,-0.7198629441479923,-0.3367677681150107
M2301009,1.4381402706863717,0.04365350085364206,0.3361979173443023,-0.3897716122223503
M2301010,0.2886656794420013,0.542144916163636,-0.42821182650359646,0.013415122312657513
W2301011,1.50356470049875,1.1944852738222487,-0.5763438387755032,0.14626405847824675
W2301012,-0.8913908227997709,0.1535264566613923,-0.5062000780361581,0.5595381612768333
M2301013,0.4326226466824341,0.18124269784050906,-1.2662305394108522,0.46161718833931614
M2301014,-5.50415785704651,-0.5335703952962902,0.27444793704167725,0.5691161301331527
W2301015,-2.3275227472307485,0.18593102266982686,0.11570812384026607,0.13890583066397427
M2301016,2.8217429393296505,-0.19687085895849998,-0.21668819285450758,-0.27208542298795646
M2301017,5.188193469295868,0.854096775228147,0.5746970302348188,-0.360967226421548
M2301018,3.7866399414335787,0.6086284502375946,0.3177447938064415,-0.40704281334342096
W2301019,2.0567313656130177,-0.06683875353076985,-0.2614042041836314,0.5158612952610282
M2301020,0.6095786429687302,0.31048858626932785,-0.4360524741319419,0.10569605592172701
M2301021,2.263321293128355,0.4071498674623435,0.16846986540475872,-0.22344081643202462
W2301022,0.24683296686642997,0.33478267614388635,-0.5501480564004185,0.11914251944759427
M2301023,1.8677350029573008,0.2785381969843792,-0.03276467526322402,-0.302872693256122
M2301024,-0.008990421274178928,0.1833868691800158,-0.016101895255421717,0.617766507129049
W2301025,1.8720532339971507,0.4323122660878496,-0.8642713718331557,0.14509160108220426
M2301026,0.7626023747558808,-0.1594798315540492,-1.0312726125784768,-0.15612886181468894
W2301027,0.4857306219538642,0.08244925701483763,0.0015480227747339814,-0.06652307754374763
W2301028,2.8015633450525104,-0.0624361690940437,-0.09778187231990443,-0.12902486118998424
M2301029,-0.6177860660641548,-0.026231267569944983,-0.05355399693881835,0.3487206899992865
W2301030,0.593361704689157,-0.1759412810445249,0.6406001736030493,0.19702774308309495
W2301031,1.191726111929642,0.004067086497642092,0.8233079083401569,-0.518203336074879
M2301032,0.7010701995708057,-0.45416363395961734,0.7070658809132419,-0.0571418600241176
M2301033,0.7163059406809755,0.3141237975354404,-0.20276214043006957,0.2675612376600929
M2301034,-0.14550535699925948,-0.435482146920386,0.39705769081646947,0.15806720481462327
M2301035,-1.115729691547764,0.8269033350457171,-0.46324885787171166,0.32089647588772136
M2301036,1.3652307624086912,0.4226501220116124,-1.1162285404189176,0.6294636830303799
M2301037,-0.8159446766167164,0.5406343690554292,0.3000733839323346,-0.22733727853612246
W2301038,0.46076557155072884,1.0612650584973937,0.8563531907633276,-0.154675937600451
M2301039,2.7067979322600557,-0.19812182383839028,-0.8563057146523964,-0.09964740915541201
W2301040,1.5973274592734787,-0.057059809849522525,-0.2400187008392951,-0.19341801978896095
W2301041,2.535401711123659,0.09138092487794391,-0.21460968592758567,-0.25415066898544536
M2301042,0.1678501382204134,0.5093213409750608,-0.4121057442146189,0.3169309717501277
W2301043,2.2350922440961027,0.19320340505043465,0.5331295522310743,-0.9251778142112932
M2301044,1.8493127805782503,-0.18566193635382977,-0.37236391608550556,-0.1762331141038745
M2301045,1.8784626310564736,0.12910628968361781,-0.22459150048522392,0.07006285398020864
W2301046,0.20964262563455804,1.0372498696735672,-1.056665843194867,-0.08599431891134554
W2301047,0.8252817458019321,0.18904239712604087,0.5293623372139489,-0.41509835003549517
M2301048,4.307462270581598,0.6283657284478683,-0.5950681070024954,0.33633507158384424
M2301049,2.712395852978787,0.23228389698564494,-0.5564848000486141,-0.16090946798236627
M2301050,3.425479351539462,0.8399020241547795,-0.8325032834465887,0.2907434416912957
M2301051,0.4491042002652885,-0.02137442190707739,0.18471310766421578,0.2929165348799108
W2301052,2.6817421698358115,1.5122584131520487,0.3158105794984748,-0.6192002201156148
W2401053,2.1432864818680972,-0.07963449073013051,-0.8618439789928746,0.15988453663069763
W2401054,1.5155992695522826,-0.18849350097559991,0.8187586142895331,-0.1544855395620907
M2401055,-1.5934865957465636,0.03942515343341091,-0.22887095184479034,-0.16868788485023187
M2401056,-0.8838882948246463,0.24107520074584793,-0.817578084919483,-0.008766337439331029
M2401057,-1.110774678863316,0.18629564393622555,0.10051769617972917,0.43869478506089016
M2401058,-0.3785423799900629,-0.24936667090146458,0.21320879484273975,0.23661518123379693
W2401059,2.539597533835865,0.24731305423612165,-0.23988963672067665,-0.1318808804195077
M2401060,1.6207205709599344,0.5349471429245443,0.252214408915081,0.12227097237932405
M2401061,-3.659024847175469,-0.22447303457360335,-0.0988805726500861,-0.09412828641310356
M2401062,-1.5182800981681055,0.4205043640982263,0.4775460328167851,0.07514616534468785
M2401063,0.29841337245772825,-0.4516217010392294,-0.13084150918103954,-0.3247793675074776
W2401064,-0.06720467867966473,0.21927894478663557,0.5300893847102278,-0.7221275407945487
M2401065,0.7551764809479176,0.786173144912371,-0.5245547704455994,0.03598609938535194
M2401066,1.9633903667293682,0.06152768483842819,1.0745510401033236,-0.45502907310617974
W2401067,-0.23277413912345946,-0.9043425780248688,0.7791163449414348,0.21199616702956203
W2401068,2.874950062715471,-0.0831420892143333,0.29025375839328155,0.32568089967548064
M2401069,0.8143170440489342,1.5065926337983377,-1.223501683590586,0.10241988212828776
W2401070,6.331501334419335,1.015668173329833,0.4467553558890003,0.05394264817008354
M2401071,0.9783399416702765,-0.4456628844150765,-0.5677750975375261,0.053658216810121284
W2401072,-0.9384819867849821,-0.09409649004598863,0.9060978503486496,-0.5586673922578114
M2401073,-0.3178138052199735,0.37696431594000135,0.22722403103322641,0.2514322933377176
W2401074,1.932696531883627,1.1853832266721391,-0.018804768362920776,0.31153641723453573
W2401075,0.22110393404439055,0.7138021284363029,0.23398601893692816,-0.32180771308033485
W2401076,-0.38265751854742724,-0.560367225157876,0.4215309964214578,-0.5520745945953773
M2401077,4.759322704094747,0.49631686133239294,-0.3026998540746818,0.1448235864493138
M2401078,1.7894244389099043,-0.32910421991899885,0.8006357393912806,0.17119185977431223
W2401079,3.0916884819779136,0.3295110790147655,0.3246737206713173,-0.3559877238324546
W2401080,2.435153092866601,0.580866325051353,-0.027822956123565334,0.31713484724922114
M2401081,5.083591350471432,1.1819427870641537,-0.4847629031759081,-0.1413092244930454
M2401082,2.6409540067985784,0.9110019591457917,0.9677587128853513,-0.3885578501486376
W2401083,2.7972449694333417,-0.23117598325379063,-1.0504061047027626,0.9479812064111264
M2401084,-0.5817825063920097,0.8215507178638926,-0.18277531784292644,-0.006075134309403277
M2401085,1.0510469457049072,0.8795855638754274,-0.10792797136152821,-0.1762653571663791
W2401086,6.82653335036631,1.315250801663415,-0.7088776274260472,0.11804136226378056
W2401087,4.564074198144067,0.24794378564725345,-0.9882559564176135,0.37427557880231993
W2401088,1.3793116952089468,0.5275627918245741,-0.36229000988118465,0.25960872417901215
M2401089,3.6845947423783096,-0.10621077678817337,-0.76756344443805,0.41213779466896755
W2401090,3.3352031830566773,0.9518254580832726,-0.5837202954041102,0.08398674402379391
M2401091,9.228248153337267,0.2651971994699159,0.4286294209975267,-0.03719495696850594
W2401092,1.2175908244270932,0.1899673031001431,-0.9256092815365026,0.19440278306751235
M2401093,-1.6438341767379478,-0.4707684632201492,-0.41374202350530165,0.346931084241235
M2401094,-0.4616488018296989,-0.11440552582561037,-0.40136646783530183,0.21454468935551574
W2401095,3.368726871282017,0.09207758115230391,-0.18142214474920415,0.7158498055335731
M2401096,2.02933181508668,-0.5925039430115202,-0.19289450427492205,0.6942212318255425
W2401097,0.8316445482209573,0.2688129995591718,-0.08689765725176746,0.28715038401765264
M2401098,4.2329269233952544,0.6288239124157633,0.3887625211579592,0.3215775307842628
M2401099,1.8752039460745977,0.14120989337133427,-0.5957362509917942,-0.14549913022968014
M2401100,3.9370767309839456,0.6036599395527331,-0.8438136654507672,-0.027044610027631394
W2401101,2.7608302697717937,0.187102362317756,-0.9203167364302275,0.4586543036313591
M2401102,2.9331353303893355,0.2110875458918181,-0.1677568344044239,0.38290079066203137
W2401103,-0.8023160341264717,1.285817960822036,0.6392227869119441,-0.4445366934009623
M2401104,-0.2712785727117213,0.8498982491622992,-0.00872344903570832,-0.6120730002913959
M2401105,1.5725769769313969,-0.916742763508728,-0.6767952341462625,0.9383890876006662
W2401106,-1.235524293508206,-0.6675376341044659,-0.1505076990839651,0.3596286207246532
M2401107,3.6190008133048113,0.5452434410577971,-0.3058062556809913,0.2320498844014519
W2401108,3.294303392443367,0.3240745482519941,-0.3321274594573359,-0.13675647579798766
W2401109,1.1108647604659776,0.5446914067767307,0.15914344623693744,-0.02488052325772508
W2401110,-0.6544612437704327,-0.1499943749220004,0.6558334280160545,0.33924839406170204
M2401111,2.2867572060270707,0.01841864337049981,-0.04665441226992517,0.3376089306526537
M2401112,-0.2584509689632313,-0.4408986171104441,-0.3585030834896509,0.5453311287164497
M2401113,1.2321767227742804,-0.2132212431349737,-0.04132303329750808,0.04618573237320242
W2401114,-1.3990242457798105,-0.7798708609065375,-0.27469995413998327,0.01955647647877637
W2401115,4.379668279432885,0.5640290841064247,-0.9752687285699898,0.2394078148288385
M2401116,1.5082379202898162,0.29270646403611084,-1.15364638241277,-0.13283387622512074
M2401117,1.3089761216829379,0.47789123433670866,0.053481117015699686,-0.23339188871457223
W2401118,2.593041412101833,-0.43453428024646823,1.128078727393029,-0.1724678620895947
M2401119,-1.564983394779106,0.4440856909150537,0.8092715458958566,0.11223904955562103
M2401120,2.278694667243077,-0.1126793825794612,1.6350913993465708,0.1800501583999684
M2401121,6.449253884985071,0.6830531042247984,-0.05693202087114613,0.19091593625195857
W2401122,3.0025017103590343,0.781310772192499,0.40762153433420184,0.3359325801497365
W2401123,1.2782632072033562,0.441834594168777,-0.2935685142068625,-0.021589928107195747
W2401124,0.7238387846142018,0.661271006750258,0.2141443531047108,-0.005009939557432383
M2401125,0.9856772116000507,0.3053110457008036,0.257439508660954,-0.19135027433446444
M2401126,2.7354811153538603,0.1547555031415806,-1.0397542493637566,0.7845470572587172
W2401127,2.6336095336073546,0.7936474684591321,-1.2225960878978102,0.1967098980769989
W2401128,0.06662954427920909,0.30100152490173837,-0.3720732932682217,0.18437223893164806
W2401129,0.8150072966792483,-0.605297714275173,-0.5808751605075343,0.6200965174599848
W2401130,0.4354351958885574,0.1079249525118362,0.6075304818074252,-0.0069441162442197835
W2401131,2.0218624160240912,0.49492318995436113,-1.0829614984207465,0.16493104020665966
M2401132,1.538695285800126,0.13408427697201697,-1.6783962472449399,0.6192759836230841
W2401133,-0.6310566912560995,-0.1600392083833293,0.21539307498085375,-0.687887114618912
M2401134,3.114362404334869,0.5213324799724853,-1.0787698735253128,0.1444047050230421
M2401135,0.7561259969216749,-0.07768920550657687,-0.5756552324698857,0.652372339330209
M2401136,1.749845068350616,0.9994820432960374,0.7263088883223859,-0.3542032958916891
W2401137,1.5339706277307554,0.5209111180040585,-0.6316887475932759,-0.14286477015416008
W2401138,1.850592767181511,0.5941977805478363,-0.2562469667632622,0.14393430214139152
W2401139,3.093820774485656,0.47966823411700177,-0.5555029899722966,-0.15556829898196953
W2401140,1.9407019484480497,1.026879367004086,-0.005198761442086863,0.4781483496194781
W2401141,2.9246454803737705,0.3615518863947724,-0.5422468459820214,0.18101634712523523
W2401142,3.2600470008697324,0.3635918617028896,0.6664843996015161,0.2414645442519971
W2401143,-1.7743838517160722,0.3881513879229,0.6571954866737064,-0.33775002774263085
W2401144,1.1992767815642695,0.1281963397352025,-1.1440070292630802,-0.08813196939981266
W2401145,-2.6566669364523348,0.3620592147388281,0.29773706900003194,0.1923174184242067
W2401146,2.235571140220726,-0.04271994406291357,-0.4163782016584646,0.24786148060649316
W2401147,0.21053081044342203,0.17837568814703308,-0.8017179763619907,-0.029411438515089913
M2401148,2.5097102967642684,0.1470593721091562,-0.18501212855163374,-0.35702900067148535
M2401149,2.2385852658092324,0.5671443107419957,-1.1055395585635708,0.4702831383911444
M2401150,1.4582247887326565,-0.07271161503624934,-0.8749280237154916,-0.026897843678900357
W2401151,-0.3322307417411219,0.17891173521835657,-0.20520361205238813,0.046235975424297054
M2401152,1.7291876152858485,1.6086851083490643,-0.176010043586744,0.24620624372925992
W2401153,0.33962007056315935,0.5580288241521444,-0.29718673997817036,-0.07993543750010094
M2401154,2.0096344581115146,0.17525517671446778,-1.1286927174557202,0.8758468201417191
W2401155,2.5966467560374102,0.7980987210305739,-0.7232554903905558,0.12573597536513648
W2401156,1.1957638581997276,-0.15080450629153752,0.09075160725518738,-0.6906752269252079
M2401157,0.34643451920145996,-0.790140968101867,0.44576533838725063,-0.45961869027747926
W2401158,3.5659181817701593,-0.057890249297038565,-0.728575430209755,-0.06644934366124683
W2401159,-0.733363576493054,0.8016025003428775,0.15836877105747038,0.09217141105057114
W2401160,5.276660342145003,0.5996669454485357,-0.6957154896332048,-0.110052428550509
M2401161,2.541571900897227,0.5129002350186339,-1.2025814927054355,-0.20041740512883516
W2401162,-2.9340150432370935,0.35578679339457214,0.4496785244353288,-0.23465301450726536
M2401163,1.2720359000241594,0.5639898129385236,0.991757390088309,0.3394892324790038
W2401164,2.3747989028630503,0.5831899206766001,0.8499933161524214,0.1491155258237004
M2401165,1.9639456626012177,0.8905656231964657,-0.5527417601471173,-0.0804796313098049
W2401166,2.7919541748373113,1.5067552879303328,-0.022020009235950044,0.4114293894443823
W2401167,2.24752908666761,0.28193920772416425,-0.20027557702087884,0.3341089052590447
M2401168,-0.49110487396815117,-0.3217523954971624,0.3115661522469826,0.004078921748557007
W2401169,1.5399994627855347,0.16666622444197843,0.3047127850663709,-0.24006810374059823
W2401170,3.556797385759196,0.6438444710717018,-1.4318170160945183,0.16689529029821693
M2401171,5.850351005650727,0.2890895288783527,-1.182984555631089,0.4537381771739993
W2401172,2.681228333511723,1.0128254412485533,-0.924098382188944,-0.09709406064611678
M2401173,-1.7272157093632599,0.34147652489332286,-1.6697416007175105,0.5756320863717117
W2401174,3.578013333113808,-0.2633336642093189,1.4736740806826105,-0.18330234933526188
M2401175,1.620615284727784,0.6115136498034609,-0.8838270119902868,0.5900263961780787
W2401176,1.5141896444601675,-0.27541873412945606,-0.7916972429892072,0.36550537544438894
M2401177,2.927102333723156,-0.5290433741848772,0.9711496602389849,0.2328586378039345
W2401178,1.6787043436236981,0.28992454867032713,0.7986724981667186,0.02136034244474866
W2401179,4.474069230232047,1.6498217959043164,-0.4637028508840747,0.42843376021585683
W2401180,2.890215692694688,-0.01377677750793449,-0.3271582308748817,0.36276143211702844
M2401181,-1.413916049735434,-0.15218671563809838,0.2116191407302132,-0.10089310046061137
W2401182,-0.06453105041834473,0.13865478535738807,-0.3112890488710637,0.03945154469761747
M2401183,-0.3471047316904752,0.21702972426576672,-0.6806148495404801,-0.03355067031606623
W2401184,0.03170557304490007,-0.5602497139049984,0.04566099881976937,-0.19890983996753347
M2401185,3.293570336731568,0.35055156261917303,-1.11809668940864,0.6141795147096079
M2401186,2.756631560081307,0.9670438243463884,1.207402074399506,0.0630189596317123
M2401187,2.823387069671944,0.20896078676450958,0.051353842666315375,-0.17790514280040043
W2401188,1.0930955766096369,0.7027237208709334,-1.1019696390792837,0.6267131654567146
M2401189,1.8965149913049975,0.31723003876395184,0.7169198520440252,0.017140545063104945
M2401190,1.0475671024619286,0.5511908990553425,0.3700136568351172,0.312548155353239
W2401191,1.0501913747919316,1.5381835827565369,-0.510802408742215,0.049950468280392846
M2401192,0.14573742795597067,0.9986716196868324,-1.4405262769530385,0.3534710942313767
W2401193,4.083334054674316,0.19237848302579064,-0.6520545584854697,-0.37809028099379516
M2401194,3.78256612257924,0.26808581029441547,-0.43646565919397406,0.10459670948235247
M2401195,3.370643341065904,-0.3208187652583434,-0.006470570527631003,0.33241786753167685
M2401196,3.916452426940956,-0.04575639139736287,-0.5233040570540576,-0.03295931428839419
W2401197,2.287602643069289,-0.0894175600329794,-0.3660096047290252,0.05624615986491349
M2401198,2.013435042628586,0.8959849388734542,-0.8906343630285481,0.5739580257766408
M2401199,2.3991890016889657,0.33578542022413754,-0.7640089714295996,0.45732474209823354
M2401200,3.6505209872644078,0.9699961983765977,0.45963811678099353,-0.07552346832082735
M2401201,0.8869506612985885,0.1544149182938659,-1.0530307629600464,0.1954300668310726
M2401202,1.38199080192702,-0.21652005073459846,-0.09071733870981846,0.7744267121864554
M2401203,4.724852737979466,0.26549240056905754,-0.9336233052841861,0.576639611488351
W2401204,2.2326049417478666,0.29252842459774514,-0.7078274839555528,0.254780648618317
M2401205,4.588396225099405,0.18690067209076378,-0.43198626858006783,0.31156549684327417
M2401206,4.64620013047153,0.2962347676323916,-1.444874390753614,1.0230264096359771
W2401207,0.7597919144803953,-0.08767295313626322,0.6120081622029281,-0.013675134606042846
M2401208,0.8923221236130621,0.4154295366863625,0.47618073941442884,0.19632531237451728
M2401209,0.23813410323346496,0.639368528663544,-0.2215783219660974,0.02971105472494609
W2401210,1.5855315208150227,0.21185992969603729,0.030313921731554783,0.10378938336197782
M2401211,2.9602938038421476,0.29901383936759185,0.15401031035639867,0.04617902422663894
M2401212,4.170162235938494,-0.036317015520547447,-0.25134673161397547,0.6691525880989548
M2401213,3.982728564632063,0.036120948957505616,-0.7694928864578746,0.38256736598624713
M2401214,1.7847252640676752,0.17554072576554713,-0.29940900903793577,0.7556156978902395
W2401215,1.4094141658306838,0.1183742847568483,0.7078316785044448,-0.21051368082300112
W2401216,1.5129749442820253,0.25973984405075873,-1.3232243399025618,0.08391409648097836
W2401217,2.917056001017522,-0.004178509709231282,-1.4170182263408986,0.6432927894288445
M2401218,-1.4483506641574415,0.08355873582419604,-0.20550376410740867,-0.23331601038582922
W2401219,7.483195224742696,0.18862754045184404,-0.7149606177896272,0.1971257413097771
M2401220,1.3988350751788259,0.21475800977049542,-1.2777994053533233,0.36615960002472364
W2401221,-1.1367065673595071,0.3802952832496415,0.18549915355279167,0.21900290557452007
W2401222,1.5433947808020525,0.4597870635678291,0.4510449453955137,-0.18199190445062963
M2401223,0.8750421697574677,-0.48224104157330183,0.519664810562418,0.010670853956584764
M2401224,-0.02033797675229998,0.30344234421863486,-0.488886044004209,0.09683209335669071
M2401225,-1.2898209140541823,0.22636262586979622,0.07001866299832904,-0.03800194060996942
M2401226,0.8804276745251975,0.019335052598938085,0.7526657413187784,0.11152541190420581
M2401227,4.876436494884315,0.8650999149489447,-1.4593782795742714,0.292732676223612
W2401228,0.2149109565691436,0.2758353465786434,-0.6870491830639277,0.03682155368584383
W2401229,-0.27974221235192065,-0.5766487878292352,-1.0645796757916544,0.2767758593726187
M2401230,0.40527877664254897,-0.38814269942490065,0.20921586857565733,-0.05705708343243078
W2401231,5.301215299713639,0.4318007008511791,-0.5421665259820055,0.15202039063291878
W2401232,0.2021864955415884,0.21275781368549085,-0.7625712709685951,0.3750435709172248
M2401233,4.2843956981976845,-0.1909953836260132,-0.5726775624954191,0.7753818221083761
M2401234,1.4727031547117315,0.09866910698649378,-0.6309229711028833,0.5405663357071175
M2401235,3.1597856738472423,-0.024949810568481334,-0.29420182744616763,0.2757017686522957
W2401236,-3.4258591534128273,-0.17412138631371832,-0.5700466710408539,0.03098827050155828
M2401237,-1.731279271729683,-0.6955798417672396,-1.3407714940932713,0.02032427444192031
W2401238,-0.49386630465682924,0.30269176795200686,-0.9507587947479269,0.49256454810546685
W2401239,3.6909961927482002,0.4613639515808604,0.8185415189268304,-0.1303900270121376
M2401240,2.9846315501871863,0.506268811672419,0.6102922236457439,0.23045245100015066
M2401241,0.4831836046521749,0.4972169632545079,-1.0402686664722887,0.2859186725386942
M2401242,-0.5896665174251252,0.34535617903724086,0.5480657946674801,-0.3299549724397229
W2401243,1.2352865918421978,-0.03097954217924792,-0.2321914230209462,-0.03347688201579725
W2401244,3.881254227520018,0.48081443848048877,-0.6450855321872507,0.32397851366483793
W2401245,2.5214239672989223,0.7603778499963031,-1.579251601121371,0.3749291440339764
W2401246,2.8461017091421708,0.2642101305040033,-0.09934145677993766,-0.022053531262104076
W2401247,4.11138321772815,-0.029516613039469286,-0.8140470543534833,0.6203177372186202
W2401248,2.645438251170437,0.017869967445359736,-0.7159426643600143,0.6150473324448926
W2401249,2.792328469450081,0.5425700915224899,-1.3942035034180043,0.478754550917356
M2401250,2.202103969878384,1.0191807869938132,-0.2560604508717852,0.4061390357120747
M2401251,4.921620945994464,0.11836332259072246,-0.7984172497207956,0.5718666460807009
W2401252,5.5865034191899685,0.10990618646920436,-0.5711423798061485,-0.2592607300607901
W2401253,4.90700495796204,0.2686568020287722,1.0043492435840404,0.3182326877787494
W2401254,5.706915011709503,1.0100889234100592,1.0649946709721752,-0.016338896192563568
W2401255,1.7578102527903754,-0.2351718660285932,0.33583955361886936,0.15271464612284458
W2401256,6.970349577974279,0.9979222720114195,0.7361314379189325,-0.06188040988846372
W2401257,4.840164548758581,0.5210678706608224,-0.22570824982830073,-0.0037283530390036235
M2401258,-1.464848920354144,0.02692959145807705,1.001568286519857,-0.9601268972228021
W2401259,1.6145393267224422,1.4778937827869543,-0.31363314216575733,-0.10559128302573928
M2401260,1.1182014519115402,0.6181728104473626,-0.1827270080926814,0.47796833871288963
W2401261,2.7561976819798004,0.8846252841559776,-1.1611758223797723,0.37569921333601025
W2401262,0.3852246164247535,0.033142737019610125,0.6782932291028241,0.4543026976676164
M2401263,0.25526421959214574,-0.4401036835877863,1.2676071922651648,-0.26638448815243154
W2401264,1.2277549722400805,0.10849319186968476,-0.9812751702076711,1.090242057395137
W2401265,5.143841313458859,0.435468872749656,-0.7834119037930402,0.07860943781256147
W2401266,2.4152582095520296,0.4004494360594984,-1.543541513877282,0.3097466603777414
W2401267,3.716376709878295,-0.0430791554015687,0.07328366613193338,-0.018245920354291928
W2401268,2.4433522949334545,0.7490380956172201,-0.049809048082699925,-0.2930657135730186
W2401269,3.5019081074515785,0.8545291039597551,-0.6896556452902954,0.23680044298480785
M2401270,1.1959543755566076,0.03645778071047223,-0.6140835381779374,0.3892935122164513
M2401271,2.1267808444640126,0.8683382652121643,0.7791837866195316,-0.13987573926349411
M2401272,0.5286841647425033,0.6577568737163417,-0.6480225193859958,-0.13021487912326155
W2401273,-0.2032752582220665,0.2563263750594086,-0.029731071686556088,0.08535301495955236
M2401274,1.550286570031493,0.7250566038990431,-0.2195204450390158,0.12785325782977303
W2401275,-0.3349194044855688,-0.6343889293212492,-0.4790766442814943,0.2441735600692883
M2401276,-1.2628529532646393,-0.19952158389194607,0.9260346806187624,-0.44271462295485764
M2401277,1.796686191569353,-0.4969262642751979,-0.397177426169652,0.49290199719119815
W2401278,1.42151754332825,0.07945369689280957,-0.6451854193442051,0.281436873873773
W2401279,2.5341739540530925,0.2818847055247635,-1.1976693599502948,0.23735353531713327
W2401280,4.781268320118288,0.5010761265056273,1.9068668758106813,0.16079148034233126
W2401281,1.7028305078864454,0.17733684040617193,-0.9242270269082941,0.4900911070532972
W2401282,1.8672546415218427,0.09776760366333692,0.10747246596601145,0.49622853370401515
W2401283,4.663724191257155,0.0901175793562623,0.6886207916495329,-0.2990346870411897
M2401284,1.8745223579290435,1.446998996067463,-0.32497086900257244,0.1716061281083167
W2401285,2.527596558342082,0.4526717160963076,0.055014172879302436,-0.16195419226960062
M2401286,0.12199482744882939,0.18338226033087468,0.5221955137753835,-0.1319681692354624
M2401287,-2.052406989328725,-0.2154060284836984,0.2710750952039608,-0.17263244427103241
W2401288,3.975843634059933,0.431251544119859,-0.5282700375968653,0.0902819877075221
W2401289,3.838918419010173,0.5737248197936851,-0.713856324847184,-0.24196083233202403
W2401290,5.941478404157875,0.6976483924391563,-0.8480198656179282,0.3228864053032161
W2401291,-0.32124640200352683,0.1864126865078657,-0.8305119599875012,-0.5518983998696886
M2401292,1.093399487059731,-0.3267498512077305,0.8241309907546189,-0.40633467682344765
M2401293,2.1120124104899594,0.4175882054539195,-0.19162901272764943,0.019213027106580433
W2401294,2.748067713185338,0.7616600285455422,0.3901638508383433,0.06646137979144462
M2401295,0.44968527034408234,0.20451111412069656,-0.5595855388162322,0.47987568896100524
W2401296,1.0734197890166013,0.6304724441012757,0.6863344930320924,-0.6808995574609871
M2401297,0.8587938291057711,0.528987872309614,-1.0242517543206522,0.30293844884584664
M2401298,0.9125864330243383,0.5990924922325426,-0.821172636636264,-0.048412300806492475
M2401299,0.5835112340331645,0.7720081782471024,-0.7479550309162849,-0.12964707526340924
W2401300,1.6181715930085856,0.1978469654513363,-0.36347061003006786,-0.10356299722788515
W2401301,1.934037618629378,0.020722417453454933,-0.1836895363179477,-0.16313246699316217
W2401302,2.322505984008073,-0.21268853825284295,-0.710954645673468,0.35469815891034995
W2401303,2.6621795177407215,0.08577540966365649,-1.1985604865505928,0.4622160993137486
M2401304,2.2659047837201145,-0.6261114162491335,-0.8318884281643674,0.07628230867361407
M2401305,0.43496924322682284,0.1043240495967267,-1.2020967349047682,0.6378726466400506
M2401306,2.858882058851167,0.969419500885335,-0.6139481887371082,0.3577836177541013
W2401307,2.9394479367400614,0.14651740559168835,1.0519181688847838,0.2206020441684548
M2401308,2.6704977186153194,0.1953700462959549,-0.023993459687043917,0.6335174001700146
M2401309,2.771476344242225,0.7284210691264217,-0.6891817545566549,0.06942637909889451
W2401310,1.9294392886966207,1.2814917208089527,-0.5354911799946785,0.568671912908647
M2401311,0.9806982511714346,0.6628990621435901,1.2437622280948655,-0.08476917792738956
M2401312,0.8519910038664849,0.5122752198561829,0.2202272533365503,-0.37122612791968684
W2401313,2.1410899798119836,0.7566224489561479,-0.6360132050472128,0.006152571865865597
W2401314,3.6009184365015443,0.45347278663816804,-0.45308897232631506,-0.0012137692333312744
W2401315,1.1682062683809407,0.3795059106688611,-0.4618510070712011,0.22902359581372644
W2401316,2.8277006795340895,1.3270514084685459,-0.6684320009350965,0.4675892824292785
W2401317,1.0492164009376612,-0.1409923755450172,-0.20404578155406017,-0.13863534209373454
M2401318,0.9167795235861491,0.20960093976410665,-1.1337639137609274,0.30715886105555923
W2401319,1.9994678229258414,0.6255468139079212,-1.471986984057036,0.4829082827479791
M2401320,0.9910506894958986,0.017599171546733294,0.4196374600810556,-0.12240824363386647
M2401321,2.1719624176941568,-0.10179411401734018,-0.51162922283444,-0.10050933737531319
W2401322,4.6177790510140895,0.6384424004039566,0.30734630206129704,0.19879395014612494
M2401323,3.1515380872536496,0.5801929198657674,0.22234293786496723,-0.1293234568256512
M2401324,2.1317238366739275,0.8949846188889479,-0.7983544665936154,0.1200627042243278
M2401325,1.4852660161505655,0.4077327311696513,0.3982909914472664,-0.022875365780550452
M2401326,1.2461697166720525,0.4872578093404716,0.20635453501258377,-0.4727931114791561
M2401327,-0.10201923897284715,0.956846263083502,0.08251493335715754,0.16328155922998916
W2401328,0.1634283855210894,-0.38887667997812136,0.4438920192310031,-0.02811877956220296
M2401329,2.081142421170584,-0.17003509723333166,0.6295737785199749,-0.8758898504150516
M2401330,3.2974945484223803,0.032255914378550354,-0.6654540588950378,0.001307621604177689
M2401331,1.7684938206706526,0.22827484410652388,0.1780164752578599,0.34603179790751876
W2401332,1.568461992207138,0.15875375131204938,-0.44260425704780315,-0.12913087869088857
M2401333,3.8515329551023116,0.7054180728421036,-0.9972549667312448,0.3687512615328751
W2401334,1.130884549424969,1.0977326786534771,-0.0470680392267232,-0.057710065453410925
W2401335,1.3082873855990025,0.6823864248575329,-0.45760330916318537,-0.0012727593742226373
M2401336,2.734157860867558,-0.6740591638167774,-0.2461539630760261,0.1326480804092281
W2401337,1.5322158662203913,0.6413801408851062,-0.5108515108196977,0.5078991022637875
M2401338,1.2521662134758946,0.664871093833786,-1.9460512404451422,0.3367437745041552
W2401339,0.7244418165345539,0.8306110051292773,0.5465053330391212,-0.04809874676509755
M2401340,2.945897362159827,0.6171935101028825,-0.7566398372233264,-0.2638794082653887
M2401341,3.475654488082798,0.7074778714417083,0.4177142657231093,0.16850965527138656
W2401342,1.0121942318703718,0.3527261312237325,-0.905328704342805,-0.19648539426345157
W2401343,0.7412244853582566,-0.7179751142987425,0.14305283238860123,-0.24115777247714282
W2401344,-0.34967307015485005,0.20051639758956363,0.7806016338035722,-0.8197677283749465
W2401345,-0.6937248051022733,0.31763994262324985,-0.5481912212622096,0.29906985369156536
W2401346,2.4986401524421353,0.3513916325916893,-0.13647442364922913,0.08024477170756295
M2401347,3.553859795349194,0.27417581276454955,-1.48323004384009,0.36542338994689866
W2401348,1.6795384209967832,0.5135185550647787,-1.363046341899563,0.40554340017190954
M2401349,2.9411078317122867,0.2350866593991756,-2.0225417719038696,0.6497184302759762
M2401350,1.076715743432839,-0.6684385679268479,-0.8567377914966091,-0.028110994148749555
W2401351,3.2946883603309978,1.100020765200433,1.5920445473781335,-0.27768808281456847
W2401352,4.957061685592844,-0.15660159414813113,-0.2656139398488211,0.13104407274255897
M2401353,3.855309785657469,-0.06896301940511074,0.5881972288053201,-0.235905316984675
W2401354,2.6217019410128097,0.3386393519255565,0.38529037732128835,0.31113034545627727
M2401355,-0.4222943101825489,0.9787819466761958,-1.262963919145744,0.3557912597937998
W2401356,0.7043657278792805,0.2935351973451167,-0.7275991117271648,0.20158248816648422
W2401357,1.2277373334654644,0.7893550260625699,-0.8059758386192238,0.6510400214895171
W2401358,1.8792174160373518,0.27865141855550435,0.25272973853205294,0.20457123359240764
M2401359,2.2050752925556374,0.5659110917096781,-0.019641556406361116,-0.11364914110682452
W2401360,3.0242116768664666,-0.24177220671531063,-0.5976724212950034,-0.11959912841985067
W2401361,1.8337074833707812,0.28245233130657527,0.7237246118427748,-0.45380890670599994
W2401362,1.986151501118631,-0.2718009966596302,0.918714959294294,-0.27488065197460587
W2401363,2.6147790774242594,-0.015259713228219507,0.48541585071999516,-0.12675431890675018
W2401364,0.1301575924671674,-0.036687794706913635,1.0194730868052053,-0.2589442383005734
W2401365,1.2771752985791598,0.5606429570987518,-1.1306122053375929,0.8925227828157611
M2401366,2.8895791115887617,0.49306495350459567,-0.7914007183217912,0.3608039622066466
M2401367,1.2662901066091492,0.48799637328723056,-0.9378482597362817,0.3058449905236896
W2401368,1.4686875553559098,0.7910149456175782,-0.9327117762000098,0.48328969750652945
M2401369,0.7571456539229655,-0.09692352554322203,1.1199251424430168,-0.623222110709073
W2401370,0.05764917633956301,0.2100107963426081,-1.051638574538861,0.4838635588027001
W2401371,0.7394876564187509,0.25059040990956294,-0.4937875495297158,0.20257548980498924
W2401372,1.569104711084289,-0.1664226788069687,1.1764515284594257,-0.6119403972917037
W2401373,-1.8208151688534189,-0.08528341681287155,0.3137312095580163,-0.6224535886514091
M2401374,0.014660009968777032,-0.2643051385689028,0.09811324505651786,-0.6670338828741456
W2401375,1.1272004273479364,0.9055228232478691,-0.13007814868027023,0.2510458007635314
M2401376,1.0890856601170906,0.29222109522857026,0.13575229294663993,0.04989829377111976
M2401377,1.9524730659579919,0.7047045906393881,-1.7736908300057475,0.0653512047981625
W2401378,2.6443147313854647,0.19729722591864784,-1.0624844255303483,0.19490276825645236
W2401379,-0.2533778042856758,0.4156685775840691,-0.519844289106521,0.14480454438955054
M2401380,1.4070864270379628,1.001158943911236,-1.3922491669419914,0.2992592848876699
M2401381,-1.41410770522113,1.2283683235538132,0.9159359997918575,-0.4433510111158888
W2401382,3.0749716479054205,1.4987752036140627,0.021197467004351656,0.05468229560926813
W2401383,3.1745424852855235,0.3980906141164224,0.6009671484750384,-0.33649199193162094
W2401384,2.281252674204435,0.27406432354694354,-0.1315185329555244,0.3384723352129235
W2401385,3.5488383322615165,-0.16307816413670606,-0.09897645961139845,0.24347732038498082
W2401386,4.079620557391954,0.2164087837800478,1.1484901301573611,-0.14175641470145803
M2401387,1.6607126314793321,-0.4368127245955089,0.8124918822753707,-0.556162269220215
M2401388,1.4610891775155666,-0.600766843401715,0.6948282327593719,-0.35584538167776836
M2401389,-1.0825805226850829,-0.27954245540544154,1.1119887921908345,-0.6302851491738053
M2401390,1.1426983436474325,0.9953043651578111,-0.7287692025587539,0.6878830780993708
W2401391,4.800588471926314,0.07267160015220764,-0.7600284617493923,0.22326263469908703
W2401392,1.9402708859691007,0.15733471392881349,0.03363355501460452,0.15498485192661743
W2401393,2.8684831394616177,-0.2198895102008599,0.18744117371478025,0.2411466892377765
W2401394,3.4219303231412095,-0.3245494721582909,-1.1305388257084092,0.3792790226029699
M2401395,4.457274089412552,0.17736109909882192,-0.39009589547259915,-0.036292625574082915
M2401396,1.4221418770217462,0.15312682235842545,-0.21540002289792992,0.5030219495846564
W2401397,5.094147659334731,1.0023046038308987,-0.1034686464330633,0.6426459328271306
W2401398,0.5930926710006221,0.4250499986484758,-0.14818993052662688,0.026437857690570832
M2401399,6.577501350564881,0.48236927119107886,-0.11078630178172666,0.15068694120780707
M2401400,1.2719234024369062,-0.5812728392128996,-0.7231254118084754,0.2297472646522562
M2401401,3.476174660743286,0.15392412952667545,-0.120231162507071,0.3117642368274409
W2401402,2.353142896411575,0.3735091142565891,-0.5718791029701157,0.29687683858615016
W2401403,3.8082693114479462,0.8489517976882952,0.30569393958958146,0.4572660357687956
W2401404,4.577957249848187,0.7983947422138895,-1.0359842402248285,-0.09985186623570153
M2401405,4.877310884242803,-0.10129892585099154,-0.06552012759340986,0.42267765955073827
M2401406,1.6613736463120885,0.8900342883769903,-1.063722592139396,0.02820957227223625
M2401407,-1.0749378605111035,-0.38371625244341767,0.7823919711054452,-0.6946096130869175
W2401408,-2.5348526326801117,0.2748115716608555,1.424078646837554,-0.5051977169645391
M2401409,-1.2232694484973443,0.08604142296165596,0.04726132908014513,0.046605446930447936
W2401410,-0.3991988128466337,0.47466555028435903,0.44145310142641175,0.15469970158442442
M2401411,2.765868489331456,0.18167780739922135,-0.7768474072716213,1.045115679802693
M2401412,5.158050881431086,0.10378434792486069,1.589330586110509,-0.525895267251409
W2401413,3.721736382424841,0.00998821817895612,1.6277267208777884,-0.5271729498079116
W2401414,4.410894037641566,0.501904646138475,-0.32423843548055287,0.012201333940100978
W2401415,4.119341638448133,-0.07718285969632355,-1.3395591960091613,0.3187642602424715
M2401416,-0.5554183445864496,0.2841128324397915,0.38397603640138467,-0.5111497655496229
M2401417,1.2822858145843319,0.9999114272032181,0.48472912974157084,0.40913692227649084
W2401418,2.427970764157463,0.04640458513355317,0.9933061716505847,-0.4099101220260108
W2401419,3.215957799612132,0.000813116891098864,0.6716789660247471,-0.45727971976381276
M2401420,0.553191569691581,-1.3902690301740372,1.93025242668867,-0.4461273848384027
M2401421,3.753965861304897,-0.5952340008865564,0.6033853859241134,-0.18585676935646578
M2401422,1.51968920265525,0.3533802778720807,-0.5259686722196847,0.05543766505289999
W2401423,3.830245877206735,1.129880478954989,-0.25918316477806347,0.3022585639358097
W2401424,1.3180011355011896,-0.15062132731226074,0.09008784711948303,-0.09506240011923418
W2401425,1.8233444834772978,-0.11555728470634319,1.230313624594432,-0.2054912043763274
M2401426,0.37156440522233236,0.06484382440722969,1.231792885144026,0.17042101233943008
M2401427,1.6976482053135853,0.5668683369023613,0.16869946284882725,-0.11585615877121133
W2401428,4.274030902298049,0.8515655499870652,0.9378122194044122,0.1827810202359738
W2401429,3.064625372799912,0.025455436299673173,1.3849399770246271,-0.3487731357682598
M2401430,2.045360254933856,-0.1160928697453616,0.71891197474245,0.24848578689462997
W2401431,2.924982356546911,0.16709405287451373,0.110380020004618,-0.04419476793932782
W2401432,2.1548449117651316,0.9833767321290648,0.03759814137360862,0.19629201966494758
W2401433,2.3925216437124313,0.4240022404611433,-0.16866758200808707,0.35843659466048733
M2401434,1.8540889784361325,0.39537030561489633,-0.7109864455194926,0.38640738384769596
W2401435,1.1773088492760704,-0.0576928765262219,0.3099019698555633,0.7769750742013035
W2401436,2.8811623703435716,0.08943091134909986,-1.1989760166320211,0.46224869456320233
W2401437,2.2162410242365307,-0.240386564837352,0.0977701848487793,0.05776355996661814
W2401438,1.6374265398886103,-0.5964585755699421,-0.3487457179465602,0.07931607067797719
M2401439,3.17744794319988,0.24202260069190373,-0.7321210446927001,0.37389810324053524
W2401440,1.4365167601629287,0.2071597634382677,-1.1405711394639302,-0.2310920464833953
M2401441,1.8573667704492456,0.17886532618119433,-0.9690625489868759,-0.0035450887942108794
M2401442,2.5086593118445197,0.21398259778220108,-1.9722724112571157,0.17548056690146135
M2401443,1.3342494810310361,0.08298449390235585,-0.643074589544666,0.25174221437467814
W2401444,2.2305431868685863,0.5972443032868099,0.2809570504672825,0.0388911177205139
M2401445,1.6301570267084617,0.42564778450000473,0.15537909389198012,-0.049927734724639905
M2401446,0.05667264772157399,-0.16029168119339943,-0.2757499968681514,0.24152093026830707
W2401447,2.311429593337561,0.4538286026721055,-0.8934287993161553,0.3140123836653974
W2401448,3.099094137633707,-0.09651485216572009,-1.633373641926045,0.0798039717705904
M2401449,0.7217408816653252,0.6353109750664446,-0.5239266247687723,0.06553367988787454
W2401450,3.689197113434354,0.6900563250310628,-0.6221472745843565,0.2366431185143138
M2401451,3.8114874382780566,0.31529850858092556,-0.6296900719325872,0.10133201860738691
M2401452,2.5399200542860383,0.4216138639427139,-1.011854546658809,0.979227681029923
M2401453,1.7867646869656357,0.8257542701540971,0.11725406248337567,0.24069521023088325
W2401454,5.249883502522489,0.8991672147469405,-0.8393599027930542,0.24898267331243995
W2401455,0.71453100196354,-0.6145287352831366,0.24359008314479802,-0.5513566107654981
W2401456,1.413375514071165,0.657643702423808,0.9823001896652888,-0.7027996788270057
M2401457,2.3051115980490176,0.46516988979373447,-0.8424825688707401,0.05041033576199627
W2401458,-1.6647221541029547,-0.5388633771855438,-0.15347714794056633,-0.36457807655176766
W2401459,3.835883733613062,0.7067242334711078,-0.23313401871173722,0.20614245621070193
W2401460,1.8527136765139658,0.06758715964396578,-0.9668801920714741,0.517367256974584
W2401461,3.7296112199830973,1.2552675321829094,-0.6589878147751685,0.117314896886347
W2401462,1.7342861728024936,-0.31476714089912283,-0.5749662007711055,-0.2436032165419925
W2401463,4.686216731473753,-0.30289000759231866,-0.8088588404293958,0.6151562290255819
W2401464,1.8314254885372292,0.2555338641336612,0.8999312314008135,-0.30551695864958706
W2401465,2.247644876458049,0.44095769598325163,0.8041255575999978,-0.3241924178007345
W2401466,-0.052100517480105246,0.11646793078176843,-0.1561634649035526,-0.0771423106480241
W2401467,5.406817289203656,0.23563248399067244,0.022970415866813365,0.18121623131558018
M2401468,0.9002646563063554,0.6195246692384795,-0.03788252155945304,-0.043985131399078586
W2401469,1.1499755795389364,0.41777526148663396,-0.13109321000732888,0.3606280794889093
W2401470,7.3102376243529505,0.3388908150341519,0.22952658474180238,-0.08400574883414469
M2401471,4.396904080062812,-0.153809151158525,-0.3520035501551738,-0.2657923395788692
M2401472,2.6005510067211683,0.008400935959290257,0.24908795725043237,0.41214566296581906
W2401473,3.0662779630743833,0.3873127184923649,-0.2571982330572652,-0.001323172223912622
M2401474,3.967009232060915,0.41847989598846413,0.579317779671997,0.06756192285386514
W2401475,2.8515010182277116,0.5184566037864682,-1.0341040935095176,0.5820456535075054
W2401476,4.796362256628052,1.1778335419228139,-0.42529767003060026,0.8266171497386747
W2401477,-0.43763375912267755,-0.12628279298775547,0.3316161391419246,-0.4379237729875648
W2401478,2.9270279709280174,1.1874258654103618,-0.6766511077970668,-0.045057922312937315
M2401479,1.8570334139113336,0.27052187841494213,-0.3917429458897853,0.4024160022158125
M2401480,2.8103201648574183,0.7921558429970474,-0.28623514896739854,-0.18446054944361426
M2401481,0.7000840750791952,0.020213092908957897,-0.13375011536713655,0.31925542338622936
W2401482,3.747353753354587,1.1498108644045701,-1.1744770934188415,0.2720318094541753
W2401483,3.2030244307037057,0.7579426984998876,-0.6692176730441558,0.46079970041823876
M2401484,0.4337239272989155,0.15869270449990536,0.5327432212290546,-0.30139122915708266
M2401485,3.040819736361922,0.5469079109204675,0.8296674740768013,0.1898171360179568
M2401486,2.8298324026935866,0.2973181514705783,0.2857562883576851,-0.18178564902460506
M2401487,4.4566694164091984,0.6356179391229484,0.9598062664280703,-0.10621602891631685
M2401488,4.5787907096101685,-0.35483966612093676,-1.2262311641266548,0.17985840365291406
W2401489,2.656322436844719,0.215789967751302,-1.267557986809571,0.2574792288972756
W2401490,3.7012056032602194,-0.20986323082088087,-1.2437446027623822,0.20159467339375514
W2401491,1.9096935645771498,-0.09078297272114022,0.6975323220747557,-0.3176757998947042
W2401492,2.4619910890522965,0.5436642928414444,-1.2288080647030757,0.7672503976986522
W2401493,4.220021957389527,1.7625216445310987,-0.02038005640248497,-0.4231978454248857
W2501494,3.4709009671481796,0.3908740381062456,-0.2025583388351263,0.22680915313036276
M2501495,1.198866168236174,-0.35026816968596464,0.15552024797655672,0.19324600508320544
W2501496,0.8549649375333974,0.8800642544109365,-0.22567794321888923,0.21701532596693662
W2501497,-0.9538989766674622,0.2780673432059142,0.2847637240713611,-0.12455002911285226
M2501498,-0.5358165653168161,0.6666214438538558,-0.10454306641893496,0.12374829909133794
M2501499,-4.07188523306674,-0.0010757047906454487,-0.3434384925464794,0.3652690327782964
M2501500,2.6408224883051674,0.47952980015679625,-0.20127961452179677,-0.131260851761483
W2501501,1.4971550541236445,-0.22524558325889843,0.5878295598809258,-0.5455463104641342
M2501502,1.8499115036191305,-0.5659211232525818,0.43917311698843875,-0.21838293282945012
M2501503,-0.04451378508474324,-0.09688006469393207,0.7516641176204999,-0.3808602463801004
W2501504,1.0510618238916507,0.6262054028989326,0.31643745853961724,-0.2003888893878969
M2501505,-0.41496685867908933,0.30598117348068926,0.10801505676513956,-0.5255401231414238
M2501506,0.7752805501736861,-0.32338680587701796,0.1432909551061644,-0.7216191011818633
W2501507,-0.5785002533605574,0.22322781522183655,-0.3467198273779347,0.14934760753672655
W2501508,1.2970231037499134,0.9345711778809594,0.023108415667983717,-0.5202703994199556
M2501509,-0.36330667194053223,-0.4358805831163959,-0.6364326711155711,0.08419631667427599
M2501510,2.742982694416027,-0.917336689553957,0.2995141724306234,0.2536558207223965
M2501511,3.363140253661206,0.05256367911263171,-0.32440966759249457,-0.004677547059957099
M2501512,-0.0477455304612322,1.0009090709584583,0.09046616533175122,-0.22398829200808235
W2501513,2.016503144469203,0.6424385692591564,0.596116379421518,-0.17772617315697356
M2501514,1.3959729917602095,0.6262435997865063,-0.19516304839629672,-0.23945376511738664
W2501515,2.2787128812428312,0.8967582418966598,-0.44544947886516917,0.0774803222366151
W2501516,-0.24881430469869947,0.4397719232281903,0.47982449429679686,0.3317015337411089
W2501517,-0.3492241896952075,-0.3037922561078361,0.8504090776492419,-0.3921833964717754
W2501518,1.1379310968310872,1.2482581717873877,-0.3470788159800494,0.02113294692655629
W2501519,0.1410223343993442,-0.35397531425219575,0.6377128468649303,0.19793268239550948
W2501520,0.49815852830414586,0.8760061278799478,-0.17148352261063937,0.16508443347551754
M2501521,-1.5420892277981268,-0.11756395065729386,0.49444721158568894,0.0656320502325973
M2501522,-1.006786492417957,0.4178610798139757,0.5697219417318977,-0.1732476783020725
M2501523,0.5743587002477297,0.8974278646518209,0.40084530122778556,-0.08531070471656974
M2501524,1.0990365576778043,1.2723364404495676,-0.29540930027026313,-0.20460485436251685
M2501525,2.029538869852579,0.4238333567006306,-0.12587578752983652,-0.037973028545651766
M2501526,1.1107506416437105,0.8181546133858298,-0.5074958520655474,0.4062330828427942
M2501527,-0.7745526678051009,1.174173945699856,-0.5563406844197892,-0.16329206488221537
W2501528,-2.340841184518971,-0.12767276340410894,-0.8402919920243431,-0.29691077004929656
M2501529,1.7091132557525834,0.4503594717635746,0.051398343142013636,-0.4095849429628315
W2501530,2.748743147513124,0.3278262096937671,-0.38674528789709706,0.437365195944824
M2501531,3.8886519054200788,0.6913375091559119,-0.4371855697141672,0.1107257112866592
M2501532,1.6551215409623392,0.36302003280685324,-0.11521647371090138,-0.41316038452195286
W2501533,-3.329814283087238,0.6912761013102964,0.4591646977170647,-0.2659974189351568
M2501534,-0.1320894754429185,0.102821382920529,0.8632022762214291,-0.002512555169246311
M2501535,-1.4690263729461046,0.14156318485484765,0.5644178669093651,0.004803845337795931
M2501536,-0.7896906972389361,-0.17709155751157968,-0.10228296836616213,-0.1906524511792595
W2501537,0.1615184160307912,0.4152100727535514,0.15410032216995162,0.07324471026216028
W2501538,1.2353919679833067,0.563163314326738,0.21512224467761282,0.15493604474794964
M2501539,-0.03731913002596077,-0.41790049808110585,0.3858014557707578,-0.329970414086505
M2501540,-0.19865322404971675,1.1268178706235281,0.8534000599521152,-0.28759775403403837
W2501541,-1.728803495502448,0.5076100556147234,0.013646862409394722,-0.22375502867357283
W2501542,-1.6022913749157128,-0.0384553267522757,0.6509501211641231,0.08781073993128935
M2501543,1.6509932586991631,0.4125448609192945,0.7548762358630767,-0.11179267419209807
M2501544,-0.2746673144012526,-0.45477132865836367,-0.5362063434693559,-0.06817263190059339
W2501545,-1.8662495884208479,-0.3628194126574875,0.0075575428126647415,-0.15797589371378146
W2501546,0.6247641467611391,-0.4302555616112671,0.8782834423683119,-0.19865894258483957
W2501547,-1.3117943894075168,0.5246755715140219,-0.016614864577401245,-0.4956566652421468
M2501548,-1.2324683745016465,0.43774727790059154,-0.5192936254824329,-0.2153833814337887
M2501549,-0.954015362824264,0.28762580652016945,0.29884144286099606,-0.2611313342559743
M2501550,-1.7567193628760984,-0.03317575319678323,-0.2811311597105909,-0.074227575740804
W2501551,1.4550692880496223,0.44815810175718596,0.8031768861886387,-0.27070002730856235
M2501552,3.1793829267532,0.18307629619449128,0.07311009528534196,-0.4408535660856381
M2501553,2.1740890434037836,-0.22195368454145314,0.8492078886073722,-0.16294458578579443
W2501554,-0.32322275004014234,0.977114564715459,-0.415962764353459,0.11494354488219416
M2501555,-1.6532460153203496,0.19906477935425393,-0.6157594252935764,0.23986063055337364
M2501556,0.08295059636907087,1.180864323535073,0.8723408959977503,-0.11645968149811511
M2501557,1.7578162516853584,0.678874516510742,1.1672326821973913,-0.03683807911480322
M2501558,1.6370873067782505,0.8573585477819559,0.6435191517631343,-0.15012399727300077
W2501559,1.270791882885959,-0.6374121601257994,-0.07702833306446621,0.010215053352215675
M2501560,-0.023162910109588708,0.8121967720575224,-0.447442224626062,0.3840054006379245
W2501561,-0.14611203846389387,0.4335336730620803,-0.5365585060799639,0.43397816927170246
W2501562,0.5079321459133821,0.8729365304416015,-0.020138309718894964,-0.33834317136641756
W2501563,0.4197125650661788,0.7539504085943824,-0.30570232932281216,-0.5196062377869617
M2501564,-0.6123663098260224,0.3310062370608741,0.8399060261176522,0.05443865854012048
M2501565,-0.5056342199128725,-0.21765685556282344,0.03696530718138791,-0.24715373722396186
W2501566,2.6920345333797995,-0.06996718701247562,0.3392668276939268,-0.09598833745577419
M2501567,2.769276256491903,0.4444551651784301,0.4213994394326068,-0.30030395797021214
M2501568,-3.1656951118306456,0.01086985828082232,0.30086195452825165,-0.012250616876782694
W2501569,0.4706173235389408,-0.7670085930161876,-0.4551185598628239,0.04998201022818621
W2501570,0.20270881152249487,0.4846664719952315,0.24454525078828188,0.1007938269671621
M2501571,0.836565560953817,-0.8014106322835992,0.6223572627112852,0.03532226849014933
W2501572,1.4062762136534976,-0.3866160136022192,-0.2954862583659059,0.0020612902858526683
M2501573,1.7555781063365838,0.25981821106773983,0.2980980410806323,-0.322155695783888
M2501574,-0.38585256193074713,0.34470447544118255,-0.19794614074353156,0.09754173825936649
W2501575,2.796501682641364,0.5403390651899695,-0.027997464195403388,0.5653147122242155
M2501576,0.18054581357636845,0.13891105333100362,-0.5406151755715988,-0.12425512212366042
M2501577,4.074479173770474,1.0049188717210138,0.7262759237116743,-0.18119494456556978
W2501578,1.5426956061370438,1.5363663092154796,0.023388126709192214,-0.22736701308845553
M2501579,1.161876314690745,0.19746051207334958,0.07531541715475398,0.02153673437030265
M2501580,3.3301946365230424,0.25870220852844816,-0.8569276431358351,0.4206548331169739
W2501581,1.324385508163469,0.4180666360201795,0.10867809599965716,-0.3402814042770729
W2501582,3.9888470700689975,0.6551581537578939,-1.2590282411808915,0.44575916859071146
W2501583,-0.062436562928139594,0.6967031060256405,-1.2773153727097983,0.5413846553802921
M2501584,2.7884259648094893,-0.1546386989899482,-1.459920026869629,0.4317384874099099
M2501585,2.366440643223304,0.6803488769359357,-1.4935187606643843,0.35824241583302197
W2501586,0.14547772490294442,0.48312531376623047,0.1566948124950679,-0.37585623048381156
W2501587,2.790118203539481,0.22963605336098858,-0.33785730219760113,-0.24657669942592536
M2501588,1.8674729918997581,0.6713881412610728,0.18452009661412982,-0.7827157051830729
W2501589,3.2687059855428,1.1090124209907644,0.2688100657228138,-0.5781003888456184
M2501590,0.2689604853152998,0.2697456278732753,-0.8852663556878394,0.25093312574982063
W2501591,-0.07190791057764034,-0.09166216409996075,0.27493859292925216,-0.294174680703288
W2501592,1.162718332234573,0.5753320777844726,-0.733901689159583,-0.5838166757887577
W2501593,4.623465223654721,0.8078130545713514,0.2922351991785206,0.28853450616624576
M2501594,-0.03923112150481867,0.5037599450666702,-0.7915405989262191,0.1606473830529997
M2501595,-1.4132961581509491,-0.24792772361784066,1.4448683727812188,-0.06160673618617432
M2501596,1.7678751643336925,-0.4958635447691664,-0.12499560206154303,0.4807268820306318
M2501597,5.815617549717749,0.8688039051293865,-0.8916937232115624,1.0691578653857818
W2501598,-0.35577624172700073,0.8320920824655565,-0.1797772212734664,0.0069722717289661396
W2501599,-3.9237842410780095,-0.4001562052188228,-0.10633324372279451,0.017192638109634367
M2501600,3.325568243797545,0.1120799340092814,-0.5731942965133766,0.4422968964386887
M2501601,-0.8142990124360887,0.32343246140452164,0.5601902614785212,0.3501113202019559
M2501602,1.2656908865158187,-0.001500185751335259,-0.24787794091356286,0.7493076205500144
M2501603,0.8515862709513589,0.07482196254134754,0.10818869307380741,0.5405736497361189
W2501604,1.097936582551613,-0.05493462126942594,0.43929944493581524,-0.7728511595148273
M2501605,0.2588438075064383,0.36604077547749647,-0.14335683328984306,-0.17273889895825723
M2501606,3.2084928028180144,0.28339637794949923,-0.27119004671462876,-0.20430943727039025
M2501607,3.446798958080277,0.5276699442581961,0.8125624791806834,-0.2909069426679703
M2501608,0.9865384636230061,0.15342022194622162,-0.9991303373499408,0.09766276134448695
M2501609,-2.2843054858255556,-0.31375024380718064,-1.433946431429649,0.1819147101533975
W2501610,4.919007099420144,0.6784116737642591,0.6003764691372193,-0.3102641624047491
W2501611,0.4885792728654583,-0.1566954927707851,0.5414370487079615,-0.08905402202505315
M2501612,2.5950719113230303,0.9952854437223846,-0.06873685483218495,0.42018604826668
M2501613,3.255269479885202,0.7059080221061349,-0.10467671404395251,0.13044900805519805
W2501614,2.7693775594618666,0.6050086538397265,-0.5071117118971876,0.22159903030942346
W2501615,1.5931458165194923,0.02348626297381784,-0.15026850787565027,-0.16729443919758907
W2501616,3.632283271109398,0.6181421099158889,-0.11797339194019896,0.42855938424885737
M2501617,0.42039444829387396,0.600654413965988,-0.2675657100080012,0.5503556282600679
M2501618,0.8502486824397661,0.6156395984881985,-0.22069211402651245,-0.6830816327991809
M2501619,-0.3931549154249163,0.45936943845670813,-0.05114476541710211,-0.3473042750478941
W2501620,-2.9364332832161386,-0.8028802659900098,-0.3281265779213953,0.24009178489247512
M2501621,1.2511610747400246,0.5950313215817948,-0.3948291811922612,-0.27061124569885275
W2501622,-0.9452494245696768,0.33569438291172443,-0.4034036693798678,-0.515603837454096
M2501623,0.9973473146842347,0.26287699289176303,-0.2507697072028241,-0.6627682240688237
W2501624,-0.8950010993460236,-0.4222240322744837,-0.5149032108715407,0.3614625644005544
M2501625,0.7383763277892075,0.1554434709871616,0.5261021033916091,-0.007342130107508643
W2501626,0.54002932055465,-0.033725083679364554,0.517052019042795,-0.016172728121629495
W2501627,-0.6079550555226874,-0.08374896609970217,0.7238875595730929,-0.3820023572701619
W2501628,4.854694327678649,-0.2731018302648828,-0.5171410297561231,-0.18824817201366664
W2501629,3.049718744380268,0.5937649512897043,-0.2365548840459134,0.20262802276408887
M2501630,2.2657954208547886,-0.11106706658882337,-0.4259148611550242,-0.27381016111732026
W2501631,0.9120251697284179,-0.06092906429499789,0.47044721288000196,-0.13264332389253175
M2501632,5.221874640625067,0.3974856316976759,-0.31748467984933926,-0.1591167384802176
M2501633,0.710918798650606,0.21218337839892865,0.5260763725874567,0.010971745265005328
W2501634,1.5321799045887587,0.8986563414842658,0.4183487360795869,-0.07319888818228452
W2501635,1.7147838134084137,0.16986933864531428,0.11054382475356483,0.3008124308361646
M2501636,3.2164460306082927,-0.2671272972074723,0.167776127563788,-0.04686491031692401
W2501637,3.4140418689517484,0.8754848767427454,-0.43590345112584405,0.07797290291396242
W2501638,1.3903823707926888,0.936364819894846,-0.5474477681174329,-0.4475102144667284
W2501639,-0.04475845761388708,1.0426310565478512,-0.7622641826906981,-0.14885984901030722
W2501640,0.9949025186927409,0.10663483029423526,-0.2235035363311194,0.15101513131014027
W2501641,5.119119543897407,-0.3613684533293995,-0.2767909853321404,0.5381291059516462
M2501642,0.7601495728002248,0.32956333187954406,-0.26181034638514855,0.2890389384503986
W2501643,3.0446124667417336,0.630828546746353,0.468113340037285,-0.384869519213543
W2501644,1.2040478222704358,0.374832208490983,-0.5660624146685592,0.1896093864663509
M2501645,1.0532594077639237,0.2880807278475202,0.15046472609993833,-0.34093376364210154
M2501646,-0.9102306379110328,0.5256050344814671,0.6931071858925559,-0.5345291670868373
W2501647,0.14461035261467625,0.4888275399724864,0.7321024927685381,-0.6790017543405555
M2501648,5.87164041048543,0.6903766740511282,-0.2547603424580205,0.3500242467363424
W2501649,0.6299719425263488,0.40018482748816636,-0.5446388077112788,0.35071295500283856
M2501650,0.33146372095308596,0.6711755666654688,-0.9024994967028092,0.15763702922222217
M2501651,1.2773515347860536,1.0228369507442727,-0.30348903934525107,0.5063408365164084
M2501652,-1.0236330239949663,-0.3399406978376638,-0.8611536777182248,0.28217050108154645
M2501653,1.1876759970550879,0.4457207479134746,0.02964666596383314,0.20002883188635306
M2501654,-0.101149949165392,-0.211127801311923,-0.6822995171120075,-0.23954664746650595
W2501655,1.6626352659966979,0.7935348807650314,-1.111075875166533,0.33518923762602004
M2501656,1.8534910481389377,0.05839612648777448,-1.0084072019356256,0.24301641122354012
M2501657,0.4684626455285228,0.351960365964219,0.12796314114668428,-0.4974147296356136
W2501658,2.426352592755207,0.6253398978146597,-0.9608605776077176,0.3886598722512104
W2501659,0.5495630412622736,-0.1651242073257736,0.1186055441665198,-0.6289287998936572
M2501660,-0.3836034075708179,0.05986924666922444,-1.0352464704266096,0.3210331670459833
W2501661,-2.6141116798129262,0.36192895940424497,-0.8011649688830261,0.13360065854319342
M2501662,0.15514036234382012,0.11573285380012377,-1.0268684127511474,0.4220546644375192
W2501663,0.3668570023902369,-0.6372773799553877,-0.18665681181474858,-0.5580799345879301
W2501664,1.355693700888117,-0.6814183810492607,-0.48512734931211765,-0.304025040217979
W2501665,2.514104703576456,0.8687578508159924,0.6945577114905314,-0.15435592427242983
W2501666,3.939201679140254,1.0751460015383623,0.8150774801124189,0.07375668355934728
W2501667,0.4852623426900555,0.4864569770177773,0.09987301820375327,-0.12382436830643537
M2501668,4.275935285601144,-0.12178221679810375,0.45089246630173996,-0.10654331269895902
M2501669,1.7756006620532365,0.93840576985022,0.32986366923660404,-0.09561487582995781
W2501670,-1.8995231585651178,0.7974454018288157,-1.238580076900642,0.35118782929700837
W2501671,-1.9033145654555206,0.10156693951319318,-1.0554741641962408,0.9172885758137777
M2501672,2.3310887589570117,1.0092065074153587,-0.7919178887618848,0.4413141807166974
M2501673,3.287960888756368,0.20149926638299487,-0.07252333336684669,0.16093849950932182
M2501674,1.2774716108837554,0.055313871593649866,0.06597817691226537,-0.21430504692387758
W2501675,1.3240519601401273,0.17763274350676528,0.021167313846781943,-0.33783859335147787
M2501676,-0.6377659176202286,0.1610279309520315,0.00724886457576257,-0.4066726932475055
M2501677,0.44327913328347135,0.4295155980298971,-0.44643862731274464,-0.6689266627840369
M2501678,-0.7639856007096597,-0.6996331332281267,0.34829067481188564,-0.3079737570416654
W2501679,0.1820539852755081,0.24902400649645173,-0.35505602440620765,-0.07905219256598277
W2501680,2.254484336513345,0.8791573528863643,-0.49225347211897075,0.06188586094705201
M2501681,3.516349468046839,0.4045967071288865,-0.1722205272449091,0.2933899891101446
M2501682,1.2250761887469626,0.46506308421127696,0.6256090293424245,0.22932657017089675
W2501683,0.8399475467534216,0.7295582345428451,-0.7369562969594113,0.4051117274212876
W2501684,0.16821556118673442,1.0279148250240568,-1.4722726115337879,0.3363038969194168
W2501685,1.462680837730391,-0.2182742144795895,-0.34054727665639395,-0.27130739760749334
M2501686,-2.50550974765258,-0.4472471119727919,-2.183501333186579,0.3924629266343869
M2501687,-0.684630020711964,0.6663836383907182,-1.077129429213064,0.0653112829818408
M2501688,-0.5908006097218008,0.463023132593969,-1.3197090612683882,0.6337709897887098
M2501689,1.43052084427348,0.43052919362015496,0.7634889570889962,-0.7863868159867022
M2501690,1.04922208897128,0.4110668718661995,-0.02701982007298742,0.015282450730029234
M2501691,1.2397691338927328,0.7139451815076693,-0.011408925210197651,0.08211011315706149
W2501692,2.501391525676735,0.9359762690285642,-0.9117632091092162,-0.381185755783286
W2501693,1.1796266490457539,-0.04661428316601002,-0.430887689844052,0.34167445922722345
M2501694,-0.06442795001237744,0.6503125558243169,-0.9211236214051058,0.06748175866337225
W2501695,3.5711101844238966,0.24385789750519665,0.5715500775515733,-0.3655175911190827
M2501696,1.855488394647303,0.6826805499563728,0.7530632190201827,-0.7878258249241945
M2501697,0.8563525145111046,0.24363461242248197,0.9260722233103166,-0.024356231435299816
M2501698,3.083186398615617,0.1904525658258409,-0.1908080972581525,0.16707271656834577
M2501699,-0.8036830559288051,-0.2830121811751365,0.6320908301548772,-0.43772577930031786
W2501700,-0.5246724077787546,-0.41737359643687966,0.19109675548760308,-0.1370977200991065
W2501701,1.8022472146258326,1.1574274582750663,0.22160421013663179,-0.04849984195498393
W2501702,1.2750139400093299,0.5534632138809162,0.2333170516508974,-0.20097759532954657
W2501703,1.6473037913624902,1.1001710643460543,-0.595535060261459,0.7021862299087633
W2501704,3.1532647195579075,0.9165088674587055,0.17061427619537245,-0.5016609830179395
M2501705,3.326771896615151,-0.9390296636460154,-0.8498185141089803,0.3501427192951389
M2501706,1.586973745579646,1.1520652653914938,0.13137138269911708,-0.6322834281666945
W2501707,0.9226001438756004,0.08837435825997186,-0.6586665269893514,0.6854586786490469
W2501708,3.6198074364102744,0.16530227397955466,-0.5207202698013288,1.0363004470894839
M2501709,3.8857163023430994,0.8191889254459083,-0.5270304803086675,0.8164461495959978
W2501710,3.5233343367964025,0.01290085018467746,-0.5822296234763445,0.41371187619691524
W2501711,1.0661907518736116,0.3675149676429323,0.7207352628278226,-0.10794076551155653
M2501712,0.35788850826541463,0.6051687873223235,0.9685292500497291,-0.08764960481949005
M2501713,-0.653045858191053,0.432301928885379,-0.20438434540752526,0.019500509447049924
M2501714,1.1838471146280316,0.32947690285755066,0.4000927719152976,0.18892509416115633
W2501715,-1.5265733643775148,-0.233330867573864,0.06597728079998799,-0.43956892131227576
M2501716,-2.4130408092956754,0.10022390755405353,0.08755529320398692,-0.07740465132997353
M2501717,-0.6277963703725362,0.4105976682633654,0.23673110310329526,-0.28621075067763047
M2501718,1.867439211266904,1.2404178436801665,0.6219202910854675,0.02661838343941117
W2501719,3.85897979475402,0.2980334935873133,0.2624528185581483,-0.031934283202578004
M2501720,0.20275734057720296,0.3614234682987217,0.339792886619685,-0.31974358976458184
W2501721,3.711298937299118,1.1430296296520817,-0.9917419350257911,0.23759619770380158
W2501722,4.392348448704249,0.4816950541391779,-1.1666386437965937,0.39530501438906446
W2501723,3.3032062516896263,-0.00022159809849853218,-0.9642850561224335,0.03768251727796454
W2501724,-0.7100193864629958,0.24389005739494496,0.6418492230070336,-0.6445443838689986
W2501725,1.4517788556671736,1.5436290968898865,0.3467564947368725,-0.32828605649257303
W2501726,2.673236998213177,1.1513838022689666,0.04387240715885565,-0.06615204333065228
M2501727,1.1614406269156117,1.271341469800062,0.15299155459607916,-0.44065682803753176
M2501728,0.5001851716220975,0.5564424338935916,0.33408884178878734,-0.34001601161455314
M2501729,1.005037482696805,-0.5798931034928001,1.7271280685988026,-0.22928595001576307
W2501730,2.24113805765895,-0.09813378242379656,0.09442076193603122,-0.18391949438553784
W2501731,-0.7877011750096301,0.5484321260175133,0.11793663550751776,-0.009081010335931713
W2501732,3.153213348702051,-0.19763063897686117,-0.3398016955698766,-0.19759435254134344
M2501733,1.6108936015291748,0.3464049636122528,0.26035261494365175,-0.12788910221770253
W2501734,0.37326837902689114,0.5127313955829483,0.4441422022318333,-0.07049773871312259
W2501735,1.342228049185791,0.8996516551157747,0.13888745751321907,-0.21446347108038977
W2501736,-1.5692421919543165,-0.21289673070913417,-0.2795190935575863,0.13592275096256495
M2501737,-0.8350087929313172,-0.5635219003762741,0.32413372231470927,-0.42516388583880643
W2501738,0.862920617844138,0.2252897759646273,0.8466709733842195,-0.1414009998398064
M2501739,-1.1839197711420342,-0.5775722233736391,-0.1223534700826111,0.01840642541525933
M2501740,-0.2887086195021977,0.48965645417434356,-0.24023557825129715,-0.3695558624125177
M2501741,3.424578072281742,1.0105539827221557,-0.37384927666716694,0.3057458795298404
W2501742,1.076518325665933,0.5873510133381438,-0.07612232717972134,0.22516239423712137
M2501743,-1.4673250082509908,0.26594929442566495,0.46260441426191284,-0.203245560814021
M2501744,-1.534312410439708,-0.6146371608547485,-0.54069171175363,0.43054618576167186
W2501745,-1.552371580028832,0.034493664895216325,-2.0231544374307666,0.07929470254437321
M2501746,3.814700706765625,0.3913136118514838,0.6341925357551562,-0.12044122473927314
W2501747,2.6434297325426495,0.6097399744520754,-0.4125260829531622,0.24706158735469752
W2501748,1.5254545979143357,1.0593086897459352,0.5876764105164587,-0.40274713387642397
W2501749,2.289871241267428,0.19957506632053246,0.10197420974022042,-0.02510934586538531
M2501750,2.536538252612827,-0.09243686108262927,0.5173976825287673,-0.26698784964592004
W2501751,1.9426971875857855,0.8998639045049862,-0.17508508383197308,0.0545261210117865
W2501752,-2.0553480333265792,0.7222243903168157,-0.5259103204107333,0.3449476139630576
W2501753,1.3807038785533203,0.3531820996814432,-0.09123515930149273,-0.2149546612891201
W2501754,2.8254733726390455,0.1140565884178858,-0.014918725787994469,-0.4899173324599105
M2501755,0.46498190188401756,-0.47477291719462933,0.8153458331250717,-0.5471458409688774
W2501756,0.7083508530092564,0.7615098676047627,-0.21178350019943915,0.7411296712831934
M2501757,1.3296574877934253,0.4338528228680585,0.43062861767410415,0.9249374346231516
W2501758,3.083228027711139,-0.04026491724854575,0.5160834517365183,-0.4641783726258043
M2501759,-1.865331472869908,0.5688554289513059,0.30084821153021024,-0.709620928083913
W2501760,-0.25673318503003895,-0.345558379260235,-0.31093383555095744,-0.09818669853457834
M2501761,2.9428457094244735,0.39280014970033966,0.010913584741664928,0.2539039356971585
M2501762,3.4169730554347035,-0.5726077882895995,0.11020380928118112,-0.5518822691571124
M2501763,-1.3901166886978462,-0.07887388639571624,0.18314728600860558,-0.17729603323786466
M2501764,0.41954506616318854,0.8155983800132824,0.8506177109268112,-0.094627288676046
W2501765,6.01186646720522,0.52881487239486,0.4864908196319946,0.3903768860761894
M2501766,0.7932678396683475,0.4242007583432472,-0.9039877754828815,0.4540514347308306
M2501767,2.372769191617177,1.0436079862684482,-0.5508937283012375,0.3226652008097465
M2501768,0.7799126569161703,1.1159434872092242,-0.6842951425744627,0.32763166937203153
M2501769,1.337725775130643,0.9499168867389344,-1.1131048032183197,-0.07080146551139994
W2501770,0.014878574446231418,-0.0967455470676144,-0.7525857134578066,0.7189224472581075
M2501771,-0.07916555137412473,0.3938721466704601,-0.38978697618980085,0.7009076475695617
M2501772,-2.3259541918692266,-0.12787347516188452,-0.8546368061623032,0.3009637840672259
M2501773,0.5779284844956218,0.4897580997566868,-0.9681400264547503,0.3314393278687953
W2501774,-0.18077233304054818,0.7220298590849061,-0.9358747985011487,0.3710422765572534
W2501775,-1.3561127852119137,0.21919717395715654,-1.152372476433654,0.07222393821005185
M2501776,3.3788762763125497,1.5754825294038377,0.5468417047536439,-0.1732086741134312
M2501777,-0.6102271643625334,0.13823057772352842,0.11221339380309348,-0.1317095418039953
M2501778,0.9649331490544495,0.9184238002413369,0.14991850408027663,-0.4236027851893659
M2501779,-1.6626004652314519,-0.11368130100644924,0.6458606492125961,-0.12315337619697404
W2501780,0.32172698000465827,0.23795798134568574,-0.3938056449115913,-0.6013825472260239
W2501781,1.9008178197186982,1.686070965831854,-1.8101171425195823,-0.214913318416221
M2501782,2.209164531254391,1.1468378623948805,-0.281115352775263,-0.10125942324228618
W2501783,1.4494326168961353,-0.18232183635972576,-0.20882174550824828,-0.23940062751307145
W2501784,0.9588605740440026,-0.03137854397125228,0.720127047902281,0.22635966343966862
M2501785,1.7556417855317057,0.13144486272092681,-0.4002257655005862,-0.3055657508128582
W2501786,3.5719641352177867,0.9730350156977466,0.4588398325863514,-0.586906601166765
M2501787,0.47985803498748236,0.542810258168656,1.0074709597983713,-0.43057857746210904
W2501788,0.10063763595336006,1.2751017441253523,-0.14487634647150993,-0.2552484906720083
M2501789,1.8121408900654274,0.17683949810664035,0.6930261127276717,-0.34454203692450874
M2501790,2.6381630578618,1.0027367984560014,-0.8432109116641079,0.42126723943381333
W2501791,2.042650880089842,0.4386285828321047,-0.10194154585876558,0.19337169827669487
W2501792,2.7176105319306245,0.34472855889716136,-1.0185555800890564,0.7565456886767268
W2501793,4.80188906163104,1.0799066558582031,-0.5013459870035845,0.2532730319542811
W2501794,3.6338392397861723,0.3404214226332982,0.00797514467256355,-0.01806521009788639
M2501795,1.3201633960953978,0.2808054480889139,0.514385456104544,-0.18268216927867015
M2501796,1.211003663497329,0.7284242273046987,-1.6699201700890711,0.5742396754421843
M2501797,2.992800573175372,0.3643864524531467,-0.7511461787178862,0.12508610344820303
W2501798,-2.7653477722561046,0.8777715404924538,0.14728952683063412,-0.13664374476882926
M2501799,0.6592732196433615,0.820809034219314,-0.8535368932961983,-0.02575720950260532
W2501800,6.931721843176801,0.7069586495921028,-0.1559486024825515,-0.10136714923146727
W2501801,0.35538363411111273,0.07495577995181568,0.8279519778016443,-0.6394610353111401
M2501802,2.5305336181405966,0.6042494693383034,-1.1383513700741652,-0.20336691980583216
W2501803,-1.0190378419902775,0.31626335877106315,0.047216250306862606,-0.26409216461108076
W2501804,-0.19338896984992182,0.38940505468995606,0.015403591725535626,-0.2506654024756523
W2501805,-3.252891241480188,0.4536940445112002,0.6509012697411894,-0.07999920952281031
M2501806,4.427186960703428,1.5844252406265276,-0.965481038371396,-0.3234486866725496
W2501807,4.58786089829006,0.2280049308524844,-1.1048337978609784,0.41156356787902787
W2501808,1.1165065200231843,0.6745046128615715,0.33558278406912745,-0.09067623938294864
W2501809,-0.08806295955292498,0.5574486223341812,-0.011453787792347403,0.02378289741048864
M2501810,5.6647745692687055,0.624883808365751,-0.13826449418867315,0.3554653145754478
W2501811,3.8467970939083083,0.4481288171324735,0.45263410047937963,-0.399344720557
M2501812,3.75499766973096,0.5448794894162015,-0.948921897859314,0.3147751594815185
W2501813,2.3029961914715837,1.1659491280241678,-0.13485314223410672,-0.00671991427105291
W2501814,3.147892092802986,0.8117410860452909,0.8652359777829818,-0.3352346472411237
M2501815,0.6858621808645835,0.5218289822228431,0.5425036797905015,-0.13053511574703086
M2501816,1.693550022251097,0.8021394811140906,-0.12415995429886162,0.49042898469395363
M2501817,1.7318098614320085,0.7762502528456888,-1.2026862978883224,0.38656581638369986
W2501818,1.009949249290485,1.2623973487493778,0.4037695702279953,0.04252872496554114
W2501819,3.689087229296889,0.2904710767724796,-0.8675279453621486,0.4110400832132752
M2501820,3.41578822670181,0.44730515572980445,-0.5533245165128374,0.27626591107209936
M2501821,1.202168724947656,0.5621059432616398,-1.2695752355651355,-0.03875112598839324
M2501822,-1.5293966976198563,0.45126430228830805,-0.568431453709671,0.25218709513986015
M2501823,1.5346588007532316,0.5457249120149317,0.8708475527008268,-0.4174442165616916
M2501824,-1.9527903083629052,-0.09760066957697688,-0.6722589162983951,0.9824145127744104
M2501825,0.8433049998787672,0.2028471614548416,-0.7739670044835375,0.9788150028788036
W2501826,-0.9102749976371616,-0.3860608452312142,-0.7153174229384603,0.8986420047013683
W2501827,5.150738465132938,0.41415056229073505,-0.036699478707985844,0.30868251085002635
M2501828,1.4034554307164835,0.7259543359522692,0.37345848124331676,-0.0018997738974839556
W2501829,3.15259131474862,0.6940736565375321,-0.5212890021274345,0.26532868021756423
M2501830,3.7670737740374634,0.33753835062956367,-1.917556347243511,0.8062821274091019
W2501831,4.431572464867914,0.42579303224014053,1.06454421309193,-0.01854026530138106
M2501832,4.225719737763978,1.6875985383894259,-1.2235314377290343,0.272597756372599
M2501833,1.182726137021246,0.08178087130288281,0.6095067976649954,0.0005344764909196997
M2501834,2.2536676221824705,0.3541882166016344,0.6648946814012299,-0.1525000776397284
W2501835,3.3230605164594724,1.174809161145615,-1.204515633391194,0.4655319838421384
W2501836,1.973634079288678,1.1228733388049603,0.1915064655811486,-0.21135220920853925
W2501837,2.2623821422540007,0.6550429316585048,-1.2670659778781306,0.46280456965128564
W2501838,1.776177547471288,0.712225824527785,0.10056100940977708,-0.05502132827337283
M2501839,1.4587441446803506,0.46009912663464886,1.4469798454711658,-0.21038391412239638
M2501840,2.4216664151242906,0.4944936204933469,0.7347463894341164,0.3044299354970082
M2501841,4.961499356169794,0.3454874582752591,0.6135238848239624,-0.16241580606801176
W2501842,3.771423074463662,0.47118265317207125,0.19516899025376944,-0.44764181136027914
W2501843,0.5338846661924395,0.30164440028611766,0.387307448001427,0.2610287869223459
M2501844,3.2715597898205484,0.1889662039896165,-0.23004773480481178,0.1788027084510666
W2501845,6.600291550630553,0.05860085413059246,0.07358806091915226,0.06126319354324383
W2501846,0.5247729637167993,0.2114501874070681,-0.5681506286538797,-0.26656951949018604
M2501847,-0.7768238841858208,0.7114966893772229,-0.6430804506753228,-0.19832013071722937
M2501848,3.8602524144300236,0.060310940116772294,0.9344006292522786,-0.5292951072435417
W2501849,0.4705411421175256,0.27131789654489463,-0.6668896877302816,-0.16206500942623137
W2501850,2.1101493576538624,0.7288043520829728,-0.4522064858296503,0.100555145672523
W2501851,-0.05157794711220198,1.4291697254996725,-0.9915720987919013,0.05319331431264268
W2501852,2.608187102072896,0.36225103571525685,0.34256966734546535,-0.45483004271684213
W2501853,5.2987986901835455,0.09956497638787842,-1.0669384904066308,0.4075162406082459
M2501854,3.6830561096471515,0.08249000901213854,-0.4859394916833798,0.1651112394895179
M2501855,-0.34788303579619484,1.0248479667411943,-0.6270648458540017,-0.009737863899114102
M2501856,0.34010227166858087,0.7752376021756106,-0.6524642203533831,0.5541185715064005
W2501857,-0.8495516926410449,0.05184270414318781,0.8139468661881843,-0.38659598250429406
M2501858,1.145784970639045,0.7397466083725017,-0.9782171148626341,0.08294387132090175
W2501859,3.1837328439470025,0.8520358732571705,-0.5402755704739733,0.26129261145220467
M2501860,4.0951721721320125,0.6859541269817641,-0.582097092119135,-0.1360139542648669
W2501861,3.1820153674371503,0.4696523022921198,-1.1038109476618247,0.03914970923546124
W2501862,3.615310470728126,0.3714020634128218,0.5223432944861992,0.21881941211069567
M2501863,-2.0019866720295276,0.1666960895471854,0.5553709327540663,-0.17122305502324947
M2501864,2.229125897987353,-0.140669810395726,0.00592068741533458,0.3402421371579047
W2501865,3.3896940462084184,0.3116613446226176,-0.0936813664811017,-0.10755645286005497
M2501866,1.1218308391860474,0.5473479846695959,-1.0480644268823593,0.4047458805011052
W2501867,2.480729888217964,1.11021446412766,-1.0962482736506365,0.2237348518622147
W2501868,4.091296872395468,0.40667543462537004,0.027111793748361812,-0.13467816966411505
M2501869,3.5834158812868133,-0.08809974122020692,-0.5624136066145901,0.3755491011368219
W2501870,2.286899245091769,0.816847106287767,-0.5602661138879831,0.8951569492314602
W2501871,4.4347459769422715,1.1992457699474504,-0.6532516457367165,0.4669251807117026
M2501872,-0.00031796500690717266,0.8781967918458237,0.4482894736116807,0.35765119831097597
W2501873,1.3291418773659656,0.5244457874572099,0.2424917205948512,-0.1567800281585511
M2501874,5.113001074407943,0.5819707774633716,-0.7228016117311792,0.13834920792913163
M2501875,1.0658337868457468,-0.4335834808586838,-0.46097129355812505,-0.22916768901259083
M2501876,3.1588370396123047,0.258656249486997,-0.9253499266105872,0.026833076711715864
W2501877,0.5058262984202506,-0.39645457967212705,0.6267868160584225,-0.28996980186159055
M2501878,1.716079425973362,-0.18083497298321893,0.4763926235494993,-0.5677504077117779
W2501879,2.803154665693957,0.2257667200356091,0.7652290252699424,-0.1855683413898106
M2501880,2.316210974544127,0.5610519060985364,0.21407756019506918,0.11777238842251062
W2501881,1.3211570329489017,0.8614673195890059,0.15744864840297979,-0.05270290942348131
W2501882,0.022904160212206648,0.13203667772052108,0.6594576980807648,-0.19033478712087926
W2501883,5.03641510889709,0.9237507491947842,0.43337196511499265,0.2881040050867217
W2501884,1.8296414482454506,-0.18366811795318616,0.9315587393930203,-0.4448483173367635
W2501885,0.6480486885579544,-0.2927375581068066,-0.4810066092701638,-0.22461542987862385
M2501886,0.9991497689057476,0.018766596794162482,0.4320627358951632,0.12423559842664483
W2501887,0.9551089570389584,-0.7251882515178119,0.42553550049540345,-0.216643458629932
M2501888,1.8827928482130005,0.456841736340022,-0.9008565331514032,0.09540864616476136
W2501889,1.3190567408905598,0.5301065803785376,-0.050163966464367715,-0.10346114308702634
W2501890,-0.41970655798602596,0.001972077865715516,-0.018455184557965132,-0.4732881064773696
M2501891,-0.4707533370586008,1.1649172242167778,-0.40352923537803387,0.12083936111797522
M2501892,-0.8378105293691238,0.74290609702759,0.14701501944984008,0.27518506062469916
W2501893,3.9529731164803956,0.8028681538309349,-0.5974280984262085,-0.013923609843556145
W2501894,4.454090624052634,0.8148905820246597,0.018885282897648126,-0.021878737361053918
W2501895,1.7193405231284542,0.7014994483274685,-0.7568844082642748,0.44960883983955585
W2501896,3.030843496703841,-0.06826950180912739,-1.5827036837224582,0.5266978590252571
