id,flock,year,sex,birth_type,dam_age,cg,wwt,fat,fec,nlb1,lambing1_year
M2100001,F1,2021,M,2,2-5,F1-2021-M,36.79,NA,NA,NA,NA
M2100002,F1,2021,M,2,2-5,F1-2021-M,29.2,2.18,5.747,NA,NA
W2100003,F2,2021,F,1,2-5,F2-2021-F,29.38,NA,6.417,1,F2-2022
W2100004,F1,2021,F,2,2-5,F1-2021-F,32.96,3.02,3.423,NA,NA
M2100005,F1,2021,M,2,2-5,F1-2021-M,30.73,2.66,NA,NA,NA
M2100006,F2,2021,M,1,2-5,F2-2021-M,30.03,NA,NA,NA,NA
M2100007,F1,2021,M,1,2-5,F1-2021-M,35.46,2.47,5.749,NA,NA
W2100008,F2,2021,F,1,2-5,F2-2021-F,30.17,4.43,4.743,1,F2-2022
M2100009,F1,2021,M,2,2-5,F1-2021-M,31.75,NA,6.541,NA,NA
W2100010,F1,2021,F,2,2-5,F1-2021-F,33.75,2.92,6.145,NA,NA
M2100011,F2,2021,M,2,2-5,F2-2021-M,30.85,2.45,NA,NA,NA
W2100012,F2,2021,F,2,2-5,F2-2021-F,30.27,NA,6.698,NA,NA
M2100013,F1,2021,M,1,2-5,F1-2021-M,27.47,NA,6.148,NA,NA
W2100014,F2,2021,F,1,2-5,F2-2021-F,25.29,NA,NA,NA,NA
M2100015,F1,2021,M,1,2-5,F1-2021-M,27.88,NA,6.327,NA,NA
M2100016,F2,2021,M,2,2-5,F2-2021-M,34.44,NA,NA,NA,NA
M2100017,F2,2021,M,2,2-5,F2-2021-M,38.94,NA,NA,NA,NA
M2100018,F1,2021,M,2,2-5,F1-2021-M,27.52,2.76,5.24,NA,NA
M2100019,F1,2021,M,2,2-5,F1-2021-M,24.48,2.26,NA,NA,NA
W2100020,F2,2021,F,2,2-5,F2-2021-F,26.4,3.84,6.905,2,F2-2022
M2100021,F2,2021,M,2,2-5,F2-2021-M,35.57,4.58,5.122,NA,NA
W2100022,F1,2021,F,2,2-5,F1-2021-F,25.8,3.18,NA,2,F1-2022
M2100023,F1,2021,M,2,2-5,F1-2021-M,32.59,3.76,NA,NA,NA
W2100024,F2,2021,F,1,2-5,F2-2021-F,22.55,3.17,NA,NA,NA
W2100025,F1,2021,F,2,2-5,F1-2021-F,28.72,2.65,4.888,NA,NA
W2100026,F1,2021,F,2,2-5,F1-2021-F,28.78,NA,NA,NA,NA
W2100027,F2,2021,F,2,2-5,F2-2021-F,25.26,2.26,5.758,NA,NA
M2100028,F2,2021,M,2,2-5,F2-2021-M,31.57,4.03,NA,NA,NA
M2100029,F1,2021,M,1,2-5,F1-2021-M,33.04,3.84,5.819,NA,NA
W2100030,F2,2021,F,1,2-5,F2-2021-F,23.51,NA,NA,3,F2-2022
W2100031,F1,2021,F,2,2-5,F1-2021-F,24.33,NA,5.608,1,F1-2022
M2100032,F1,2021,M,2,2-5,F1-2021-M,32.75,4.11,NA,NA,NA
M2100033,F2,2021,M,1,2-5,F2-2021-M,33.59,2.27,NA,NA,NA
W2100034,F1,2021,F,1,2-5,F1-2021-F,30.05,NA,NA,2,F1-2022
M2100035,F2,2021,M,1,2-5,F2-2021-M,29.81,2.06,NA,NA,NA
W2100036,F1,2021,F,1,2-5,F1-2021-F,24.31,NA,NA,1,F1-2022
W2100037,F2,2021,F,1,2-5,F2-2021-F,31.99,4.11,8.256,1,F2-2022
W2100038,F1,2021,F,2,2-5,F1-2021-F,30.46,3.29,NA,1,F1-2022
M2100039,F1,2021,M,2,2-5,F1-2021-M,27.99,4.21,4.951,NA,NA
M2100040,F2,2021,M,2,2-5,F2-2021-M,30.88,2.3,5.884,NA,NA
M2100041,F2,2021,M,2,2-5,F2-2021-M,31.81,NA,NA,NA,NA
M2100042,F1,2021,M,1,2-5,F1-2021-M,27.26,2.36,5.295,NA,NA
W2100043,F2,2021,F,1,2-5,F2-2021-F,24.36,3.37,NA,NA,NA
W2100044,F1,2021,F,1,2-5,F1-2021-F,29.27,NA,3.965,NA,NA
M2100045,F2,2021,M,1,2-5,F2-2021-M,35.21,NA,NA,NA,NA
M2100046,F1,2021,M,1,2-5,F1-2021-M,32.23,3.78,NA,NA,NA
M2100047,F2,2021,M,1,2-5,F2-2021-M,32.31,NA,NA,NA,NA
M2100048,F1,2021,M,2,2-5,F1-2021-M,30.78,NA,6.76,NA,NA
M2100049,F1,2021,M,2,2-5,F1-2021-M,29.97,3.41,7.105,NA,NA
W2100050,F2,2021,F,1,2-5,F2-2021-F,30.04,3.88,NA,NA,NA
W2100051,F1,2021,F,2,2-5,F1-2021-F,16.4,1.18,6.096,NA,NA
W2100052,F1,2021,F,2,2-5,F1-2021-F,25.95,2.52,6.222,2,F1-2022
W2100053,F2,2021,F,1,2-5,F2-2021-F,26.1,4.66,7.65,NA,NA
M2100054,F1,2021,M,2,2-5,F1-2021-M,31.05,3.4,5.906,NA,NA
M2100055,F1,2021,M,2,2-5,F1-2021-M,27.46,1.94,NA,NA,NA
M2100056,F2,2021,M,1,2-5,F2-2021-M,29.87,NA,6.059,NA,NA
W2100057,F1,2021,F,2,2-5,F1-2021-F,28.47,NA,NA,NA,NA
M2100058,F1,2021,M,2,2-5,F1-2021-M,35.21,3.85,7.319,NA,NA
W2100059,F2,2021,F,3,2-5,F2-2021-F,23.42,NA,7.495,1,F2-2022
W2100060,F2,2021,F,3,2-5,F2-2021-F,29.72,3.47,6.664,2,F2-2022
W2100061,F2,2021,F,3,2-5,F2-2021-F,27.13,3.61,NA,NA,NA
W2100062,F1,2021,F,2,2-5,F1-2021-F,29.6,NA,NA,NA,NA
W2100063,F1,2021,F,2,2-5,F1-2021-F,27.12,NA,NA,NA,NA
W2100064,F2,2021,F,1,2-5,F2-2021-F,22.68,4.45,6.539,2,F2-2022
M2100065,F1,2021,M,1,2-5,F1-2021-M,35.56,2.08,NA,NA,NA
W2100066,F2,2021,F,1,2-5,F2-2021-F,29.97,2.74,6.597,NA,NA
M2100067,F1,2021,M,1,2-5,F1-2021-M,34.45,4.49,6.712,NA,NA
M2100068,F2,2021,M,1,2-5,F2-2021-M,35.28,3.36,4.74,NA,NA
M2100069,F1,2021,M,2,2-5,F1-2021-M,30.18,2.63,5.638,NA,NA
W2100070,F1,2021,F,2,2-5,F1-2021-F,23.84,2.33,3.98,NA,NA
W2100071,F2,2021,F,1,2-5,F2-2021-F,25.74,3.2,6.432,1,F2-2022
M2100072,F1,2021,M,1,2-5,F1-2021-M,35.18,3.97,NA,NA,NA
W2100073,F2,2021,F,2,2-5,F2-2021-F,26.59,NA,NA,NA,NA
W2100074,F2,2021,F,2,2-5,F2-2021-F,24.18,3.8,6.215,1,F2-2022
M2100075,F1,2021,M,1,2-5,F1-2021-M,35.46,3.07,7.024,NA,NA
M2100076,F2,2021,M,1,2-5,F2-2021-M,32.92,NA,6.543,NA,NA
W2100077,F1,2021,F,3,2-5,F1-2021-F,26.67,NA,NA,NA,NA
W2100078,F1,2021,F,3,2-5,F1-2021-F,20.61,3.19,5.449,NA,NA
W2100079,F1,2021,F,3,2-5,F1-2021-F,23.87,NA,NA,2,F1-2022
M2100080,F2,2021,M,1,2-5,F2-2021-M,38.54,NA,7.649,NA,NA
M2100081,F1,2021,M,1,2-5,F1-2021-M,25.2,3.94,NA,NA,NA
M2100082,F2,2021,M,1,2-5,F2-2021-M,34.15,2.8,7.551,NA,NA
M2100083,F1,2021,M,2,2-5,F1-2021-M,26.66,3.74,7.74,NA,NA
W2100084,F1,2021,F,2,2-5,F1-2021-F,24.12,NA,6.058,NA,NA
W2100085,F2,2021,F,2,2-5,F2-2021-F,24.49,NA,NA,NA,NA
W2100086,F2,2021,F,2,2-5,F2-2021-F,19.73,2.52,NA,NA,NA
M2100087,F1,2021,M,2,2-5,F1-2021-M,25.65,NA,4.844,NA,NA
W2100088,F1,2021,F,2,2-5,F1-2021-F,24.95,NA,7.321,NA,NA
M2100089,F2,2021,M,1,2-5,F2-2021-M,38.04,3.83,7.192,NA,NA
W2100090,F1,2021,F,1,2-5,F1-2021-F,27.23,NA,3.263,1,F1-2022
W2100091,F2,2021,F,2,2-5,F2-2021-F,21.01,NA,4.871,NA,NA
W2100092,F2,2021,F,2,2-5,F2-2021-F,25.46,3.7,NA,NA,NA
W2100093,F1,2021,F,2,2-5,F1-2021-F,27.2,NA,6.158,NA,NA
M2100094,F1,2021,M,2,2-5,F1-2021-M,24.17,1.5,NA,NA,NA
W2100095,F2,2021,F,1,2-5,F2-2021-F,29.38,3.31,4.714,NA,NA
M2100096,F1,2021,M,2,2-5,F1-2021-M,27.53,NA,NA,NA,NA
W2100097,F1,2021,F,2,2-5,F1-2021-F,17.33,2.23,6.549,NA,NA
W2100098,F2,2021,F,1,2-5,F2-2021-F,25.92,2.46,NA,1,F2-2022
W2100099,F1,2021,F,1,2-5,F1-2021-F,30.05,NA,5.592,NA,NA
W2100100,F2,2021,F,2,2-5,F2-2021-F,16.96,NA,NA,2,F2-2022
W2100101,F2,2021,F,2,2-5,F2-2021-F,22.79,NA,6.192,NA,NA
M2100102,F1,2021,M,1,2-5,F1-2021-M,32.14,3.8,6.682,NA,NA
W2100103,F2,2021,F,1,2-5,F2-2021-F,28.33,4.24,NA,NA,NA
M2100104,F1,2021,M,2,2-5,F1-2021-M,29.35,NA,NA,NA,NA
W2100105,F1,2021,F,2,2-5,F1-2021-F,21.72,1.8,NA,1,F1-2022
W2100106,F2,2021,F,1,2-5,F2-2021-F,28.96,4.16,NA,NA,NA
W2100107,F1,2021,F,2,2-5,F1-2021-F,24.6,2.72,NA,NA,NA
W2100108,F1,2021,F,2,2-5,F1-2021-F,20.72,NA,5.584,1,F1-2022
M2100109,F2,2021,M,1,2-5,F2-2021-M,32.11,3.51,NA,NA,NA
W2100110,F1,2021,F,2,2-5,F1-2021-F,29.1,3.16,4.908,1,F1-2022
M2100111,F1,2021,M,2,2-5,F1-2021-M,29.46,4.72,5.701,NA,NA
M2100112,F2,2021,M,1,2-5,F2-2021-M,37.39,4.74,6.258,NA,NA
M2100113,F1,2021,M,2,2-5,F1-2021-M,29.27,2.38,NA,NA,NA
M2100114,F1,2021,M,2,2-5,F1-2021-M,27.45,NA,NA,NA,NA
W2100115,F2,2021,F,3,2-5,F2-2021-F,17.45,3.68,NA,1,F2-2022
W2100116,F2,2021,F,3,2-5,F2-2021-F,16.35,1.05,5.984,NA,NA
M2100117,F2,2021,M,3,2-5,F2-2021-M,29.45,NA,6.134,NA,NA
W2100118,F1,2021,F,1,2-5,F1-2021-F,39.8,4.06,5.808,NA,NA
M2100119,F2,2021,M,2,2-5,F2-2021-M,33.37,NA,5.877,NA,NA
M2100120,F2,2021,M,2,2-5,F2-2021-M,32.41,NA,NA,NA,NA
W2100121,F1,2021,F,2,2-5,F1-2021-F,26.6,3.17,5.644,NA,NA
W2100122,F1,2021,F,2,2-5,F1-2021-F,22.37,1.45,NA,1,F1-2022
W2100123,F2,2021,F,2,2-5,F2-2021-F,17.55,2.9,6.79,1,F2-2022
M2100124,F2,2021,M,2,2-5,F2-2021-M,24.88,NA,NA,NA,NA
M2100125,F1,2021,M,2,2-5,F1-2021-M,33.09,2.04,NA,NA,NA
W2100126,F1,2021,F,2,2-5,F1-2021-F,33.22,NA,5.151,NA,NA
M2100127,F2,2021,M,2,2-5,F2-2021-M,33.94,4.08,6.293,NA,NA
M2100128,F2,2021,M,2,2-5,F2-2021-M,35.54,2.66,NA,NA,NA
M2100129,F1,2021,M,1,2-5,F1-2021-M,41.21,NA,6.028,NA,NA
M2100130,F2,2021,M,2,2-5,F2-2021-M,26.57,NA,5.655,NA,NA
M2100131,F2,2021,M,2,2-5,F2-2021-M,33.43,2.4,4.941,NA,NA
W2100132,F1,2021,F,2,2-5,F1-2021-F,22.76,NA,NA,NA,NA
M2100133,F1,2021,M,2,2-5,F1-2021-M,33.89,3.6,NA,NA,NA
M2100134,F2,2021,M,1,2-5,F2-2021-M,37.26,NA,NA,NA,NA
W2100135,F1,2021,F,1,2-5,F1-2021-F,29.33,3.27,5.147,NA,NA
M2100136,F2,2021,M,2,2-5,F2-2021-M,31.45,3.77,5.745,NA,NA
W2100137,F2,2021,F,2,2-5,F2-2021-F,20.61,3.08,NA,NA,NA
M2100138,F1,2021,M,2,2-5,F1-2021-M,28.92,3.91,5.997,NA,NA
M2100139,F1,2021,M,2,2-5,F1-2021-M,27.4,NA,NA,NA,NA
M2100140,F2,2021,M,2,2-5,F2-2021-M,34.3,NA,NA,NA,NA
W2100141,F2,2021,F,2,2-5,F2-2021-F,24.99,3.58,8.036,1,F2-2022
W2100142,F1,2021,F,2,2-5,F1-2021-F,26.19,4.15,7.189,1,F1-2022
M2100143,F1,2021,M,2,2-5,F1-2021-M,25.82,2.86,5.832,NA,NA
W2100144,F2,2021,F,1,2-5,F2-2021-F,27.05,3.98,NA,NA,NA
M2100145,F1,2021,M,1,2-5,F1-2021-M,25.81,2.59,6.252,NA,NA
W2100146,F2,2021,F,1,2-5,F2-2021-F,28.24,NA,NA,NA,NA
M2100147,F1,2021,M,2,2-5,F1-2021-M,24.46,NA,NA,NA,NA
W2100148,F1,2021,F,2,2-5,F1-2021-F,30.43,NA,NA,1,F1-2022
M2100149,F2,2021,M,1,2-5,F2-2021-M,33.56,2.76,NA,NA,NA
M2100150,F1,2021,M,1,2-5,F1-2021-M,36.11,3.13,NA,NA,NA
W2100151,F2,2021,F,1,2-5,F2-2021-F,27.53,3.57,5.172,NA,NA
W2100152,F1,2021,F,2,2-5,F1-2021-F,25.81,NA,NA,NA,NA
M2100153,F1,2021,M,2,2-5,F1-2021-M,16.72,1.08,6.118,NA,NA
M2100154,F2,2021,M,2,2-5,F2-2021-M,33.91,NA,NA,NA,NA
W2100155,F2,2021,F,2,2-5,F2-2021-F,21.63,NA,5.806,NA,NA
M2100156,F1,2021,M,1,2-5,F1-2021-M,25.04,3.23,NA,NA,NA
W2100157,F2,2021,F,2,2-5,F2-2021-F,22.39,2.65,6.895,NA,NA
W2100158,F2,2021,F,2,2-5,F2-2021-F,20.98,3.8,5.079,2,F2-2022
W2100159,F1,2021,F,1,2-5,F1-2021-F,25.55,NA,NA,NA,NA
W2100160,F2,2021,F,2,2-5,F2-2021-F,26.42,3.1,4.702,NA,NA
M2100161,F2,2021,M,2,2-5,F2-2021-M,37.04,NA,NA,NA,NA
M2100162,F1,2021,M,1,2-5,F1-2021-M,36.43,4.77,6.21,NA,NA
M2100163,F2,2021,M,1,2-5,F2-2021-M,43.05,NA,NA,NA,NA
M2100164,F1,2021,M,1,2-5,F1-2021-M,29.99,3.55,4.428,NA,NA
W2100165,F2,2021,F,1,2-5,F2-2021-F,33.5,NA,6.65,2,F2-2022
M2100166,F1,2021,M,1,2-5,F1-2021-M,33.43,3.36,4.847,NA,NA
M2100167,F2,2021,M,2,2-5,F2-2021-M,33.2,3.98,5.874,NA,NA
M2100168,F2,2021,M,2,2-5,F2-2021-M,36.11,4.52,8.306,NA,NA
W2100169,F1,2021,F,1,2-5,F1-2021-F,29.67,2.36,4.673,NA,NA
W2100170,F2,2021,F,1,2-5,F2-2021-F,28.09,NA,NA,NA,NA
M2100171,F1,2021,M,1,2-5,F1-2021-M,24.93,3.44,5.069,NA,NA
M2100172,F2,2021,M,1,2-5,F2-2021-M,36.05,NA,NA,NA,NA
W2100173,F1,2021,F,1,2-5,F1-2021-F,25.14,1.95,NA,1,F1-2022
W2100174,F2,2021,F,1,2-5,F2-2021-F,17.58,3.05,6.746,NA,NA
M2100175,F1,2021,M,1,2-5,F1-2021-M,40.63,3.94,7.09,NA,NA
W2100176,F2,2021,F,1,2-5,F2-2021-F,26.9,NA,7.991,2,F2-2022
M2100177,F1,2021,M,1,2-5,F1-2021-M,33.29,4.92,6.742,NA,NA
W2100178,F2,2021,F,1,2-5,F2-2021-F,27.5,NA,7.536,3,F2-2022
M2100179,F1,2021,M,3,2-5,F1-2021-M,34.49,2.73,6.128,NA,NA
W2100180,F1,2021,F,3,2-5,F1-2021-F,23.55,NA,NA,1,F1-2022
M2100181,F1,2021,M,3,2-5,F1-2021-M,18.24,NA,6.556,NA,NA
W2100182,F2,2021,F,1,2-5,F2-2021-F,28.1,NA,NA,NA,NA
W2100183,F1,2021,F,2,2-5,F1-2021-F,20.53,NA,5.679,NA,NA
M2100184,F1,2021,M,2,2-5,F1-2021-M,29.44,NA,NA,NA,NA
W2100185,F2,2021,F,1,2-5,F2-2021-F,26.71,NA,5.433,NA,NA
M2100186,F1,2021,M,1,2-5,F1-2021-M,22.79,NA,NA,NA,NA
M2100187,F2,2021,M,2,2-5,F2-2021-M,28.99,2.74,NA,NA,NA
M2100188,F2,2021,M,2,2-5,F2-2021-M,32.74,NA,7.031,NA,NA
M2100189,F1,2021,M,2,2-5,F1-2021-M,33.52,NA,NA,NA,NA
W2100190,F1,2021,F,2,2-5,F1-2021-F,32.37,NA,6.603,NA,NA
W2100191,F2,2021,F,1,2-5,F2-2021-F,27.73,NA,NA,1,F2-2022
W2100192,F1,2021,F,1,2-5,F1-2021-F,27.98,1.81,NA,NA,NA
M2100193,F2,2021,M,1,2-5,F2-2021-M,38.39,4.92,NA,NA,NA
M2100194,F1,2021,M,1,2-5,F1-2021-M,22.04,2.67,NA,NA,NA
M2100195,F2,2021,M,1,2-5,F2-2021-M,34.98,3.66,NA,NA,NA
M2100196,F1,2021,M,1,2-5,F1-2021-M,38.06,4.54,NA,NA,NA
M2100197,F2,2021,M,1,2-5,F2-2021-M,36.95,2.44,4.914,NA,NA
M2100198,F1,2021,M,1,2-5,F1-2021-M,33.89,4.43,6.532,NA,NA
M2100199,F2,2021,M,1,2-5,F2-2021-M,38.48,2.88,7.396,NA,NA
W2100200,F1,2021,F,3,2-5,F1-2021-F,23.02,NA,NA,NA,NA
W2100201,F1,2021,F,3,2-5,F1-2021-F,21.04,1.7,5.68,2,F1-2022
W2100202,F1,2021,F,3,2-5,F1-2021-F,10.44,NA,3.91,NA,NA
M2100203,F2,2021,M,1,2-5,F2-2021-M,33.66,2.08,7.147,NA,NA
M2100204,F1,2021,M,1,2-5,F1-2021-M,29.56,NA,5.342,NA,NA
W2100205,F2,2021,F,2,2-5,F2-2021-F,23.62,NA,NA,2,F2-2022
W2100206,F2,2021,F,2,2-5,F2-2021-F,23.91,3.12,6.205,2,F2-2022
W2100207,F1,2021,F,1,2-5,F1-2021-F,32.04,2.3,NA,NA,NA
M2100208,F2,2021,M,1,2-5,F2-2021-M,38.0,4.11,NA,NA,NA
M2100209,F1,2021,M,1,2-5,F1-2021-M,31.98,NA,NA,NA,NA
M2100210,F2,2021,M,2,2-5,F2-2021-M,24.35,2.93,4.634,NA,NA
M2100211,F2,2021,M,2,2-5,F2-2021-M,34.11,NA,NA,NA,NA
M2100212,F1,2021,M,1,2-5,F1-2021-M,36.61,4.2,5.226,NA,NA
M2100213,F2,2021,M,1,2-5,F2-2021-M,33.83,3.46,6.451,NA,NA
W2100214,F1,2021,F,1,2-5,F1-2021-F,24.24,2.61,4.327,2,F1-2022
M2100215,F2,2021,M,3,2-5,F2-2021-M,26.74,2.04,NA,NA,NA
W2100216,F2,2021,F,3,2-5,F2-2021-F,24.12,NA,4.792,1,F2-2022
M2100217,F2,2021,M,3,2-5,F2-2021-M,24.52,2.16,5.976,NA,NA
W2100218,F1,2021,F,1,2-5,F1-2021-F,26.35,NA,8.466,2,F1-2022
M2100219,F2,2021,M,2,2-5,F2-2021-M,37.76,4.23,5.587,NA,NA
W2100220,F2,2021,F,2,2-5,F2-2021-F,25.69,NA,NA,NA,NA
W2100221,F1,2021,F,1,2-5,F1-2021-F,23.56,1.3,4.534,NA,NA
W2100222,F2,2021,F,1,2-5,F2-2021-F,25.97,3.17,5.125,NA,NA
M2100223,F1,2021,M,1,2-5,F1-2021-M,36.55,4.48,NA,NA,NA
W2100224,F2,2021,F,1,2-5,F2-2021-F,30.21,NA,NA,NA,NA
W2100225,F1,2021,F,1,2-5,F1-2021-F,29.11,NA,NA,NA,NA
M2100226,F2,2021,M,2,2-5,F2-2021-M,37.19,NA,NA,NA,NA
W2100227,F2,2021,F,2,2-5,F2-2021-F,22.45,2.4,NA,NA,NA
M2100228,F1,2021,M,2,2-5,F1-2021-M,29.01,2.34,5.889,NA,NA
W2100229,F1,2021,F,2,2-5,F1-2021-F,21.41,NA,6.377,NA,NA
W2100230,F2,2021,F,2,2-5,F2-2021-F,24.22,2.71,NA,2,F2-2022
M2100231,F2,2021,M,2,2-5,F2-2021-M,29.49,3.46,NA,NA,NA
M2100232,F1,2021,M,1,2-5,F1-2021-M,32.96,4.3,6.704,NA,NA
W2100233,F2,2021,F,2,2-5,F2-2021-F,25.55,4.1,6.726,NA,NA
M2100234,F2,2021,M,2,2-5,F2-2021-M,36.27,4.72,6.362,NA,NA
W2100235,F1,2021,F,1,2-5,F1-2021-F,28.2,2.09,NA,NA,NA
W2100236,F2,2021,F,1,2-5,F2-2021-F,30.72,3.43,5.87,NA,NA
W2100237,F1,2021,F,1,2-5,F1-2021-F,33.65,3.18,4.603,1,F1-2022
W2100238,F2,2021,F,2,2-5,F2-2021-F,17.62,NA,NA,NA,NA
W2100239,F2,2021,F,2,2-5,F2-2021-F,22.55,3.72,5.55,NA,NA
M2100240,F1,2021,M,2,2-5,F1-2021-M,25.2,2.36,NA,NA,NA
M2100241,F1,2021,M,2,2-5,F1-2021-M,28.15,NA,NA,NA,NA
M2100242,F2,2021,M,1,2-5,F2-2021-M,37.66,NA,7.394,NA,NA
W2100243,F1,2021,F,3,2-5,F1-2021-F,24.29,NA,NA,NA,NA
M2100244,F1,2021,M,3,2-5,F1-2021-M,30.99,4.81,6.489,NA,NA
W2100245,F1,2021,F,3,2-5,F1-2021-F,24.69,1.83,5.514,2,F1-2022
M2100246,F2,2021,M,2,2-5,F2-2021-M,31.27,NA,NA,NA,NA
M2100247,F2,2021,M,2,2-5,F2-2021-M,29.67,2.53,NA,NA,NA
M2100248,F1,2021,M,1,2-5,F1-2021-M,31.35,2.92,NA,NA,NA
W2100249,F2,2021,F,2,2-5,F2-2021-F,26.22,NA,NA,NA,NA
W2100250,F2,2021,F,2,2-5,F2-2021-F,29.53,3.19,NA,NA,NA
W2100251,F1,2021,F,2,2-5,F1-2021-F,24.1,3.11,5.496,NA,NA
W2100252,F1,2021,F,2,2-5,F1-2021-F,28.78,3.03,2.802,NA,NA
W2100253,F2,2021,F,1,2-5,F2-2021-F,34.24,3.4,7.666,NA,NA
W2100254,F1,2021,F,2,2-5,F1-2021-F,34.96,NA,NA,2,F1-2022
M2100255,F1,2021,M,2,2-5,F1-2021-M,34.36,3.12,4.996,NA,NA
W2100256,F2,2021,F,1,2-5,F2-2021-F,22.19,2.05,5.229,1,F2-2022
W2100257,F1,2021,F,1,2-5,F1-2021-F,31.29,2.58,7.958,NA,NA
W2100258,F2,2021,F,1,2-5,F2-2021-F,30.89,NA,NA,NA,NA
W2100259,F1,2021,F,1,2-5,F1-2021-F,33.05,3.03,5.949,1,F1-2022
M2100260,F2,2021,M,1,2-5,F2-2021-M,33.96,3.46,NA,NA,NA
W2100261,F1,2021,F,1,2-5,F1-2021-F,35.7,2.95,7.172,2,F1-2022
W2100262,F2,2021,F,2,2-5,F2-2021-F,25.53,2.09,7.87,NA,NA
M2100263,F2,2021,M,2,2-5,F2-2021-M,29.95,NA,6.024,NA,NA
M2100264,F1,2021,M,1,2-5,F1-2021-M,31.75,NA,6.984,NA,NA
M2100265,F2,2021,M,1,2-5,F2-2021-M,30.7,1.11,7.211,NA,NA
M2100266,F1,2021,M,3,2-5,F1-2021-M,24.3,NA,NA,NA,NA
M2100267,F1,2021,M,3,2-5,F1-2021-M,22.72,NA,6.324,NA,NA
M2100268,F1,2021,M,3,2-5,F1-2021-M,27.81,NA,NA,NA,NA
M2100269,F2,2021,M,2,2-5,F2-2021-M,37.83,4.29,NA,NA,NA
M2100270,F2,2021,M,2,2-5,F2-2021-M,34.15,3.24,NA,NA,NA
M2100271,F1,2021,M,1,2-5,F1-2021-M,39.08,4.58,4.921,NA,NA
M2100272,F2,2021,M,2,2-5,F2-2021-M,30.04,2.81,NA,NA,NA
M2100273,F2,2021,M,2,2-5,F2-2021-M,28.49,2.25,7.232,NA,NA
M2100274,F1,2021,M,2,2-5,F1-2021-M,27.2,2.66,NA,NA,NA
W2100275,F1,2021,F,2,2-5,F1-2021-F,30.51,NA,NA,NA,NA
W2100276,F2,2021,F,1,2-5,F2-2021-F,25.46,NA,6.67,NA,NA
W2100277,F1,2021,F,1,2-5,F1-2021-F,27.99,2.13,6.156,NA,NA
M2100278,F2,2021,M,3,2-5,F2-2021-M,35.61,NA,5.464,NA,NA
W2100279,F2,2021,F,3,2-5,F2-2021-F,19.33,2.04,6.064,2,F2-2022
W2100280,F2,2021,F,3,2-5,F2-2021-F,16.63,3.16,6.875,NA,NA
W2100281,F1,2021,F,1,2-5,F1-2021-F,27.37,3.4,NA,NA,NA
W2100282,F2,2021,F,2,2-5,F2-2021-F,25.53,2.72,6.996,1,F2-2022
W2100283,F2,2021,F,2,2-5,F2-2021-F,27.14,3.25,7.061,NA,NA
M2100284,F1,2021,M,2,2-5,F1-2021-M,24.51,2.68,NA,NA,NA
M2100285,F1,2021,M,2,2-5,F1-2021-M,27.34,NA,5.395,NA,NA
M2100286,F2,2021,M,2,2-5,F2-2021-M,38.13,3.66,7.579,NA,NA
M2100287,F2,2021,M,2,2-5,F2-2021-M,32.13,NA,6.368,NA,NA
M2100288,F1,2021,M,3,2-5,F1-2021-M,19.42,NA,NA,NA,NA
M2100289,F1,2021,M,3,2-5,F1-2021-M,20.46,NA,NA,NA,NA
W2100290,F1,2021,F,3,2-5,F1-2021-F,25.87,2.44,4.042,NA,NA
W2100291,F2,2021,F,3,2-5,F2-2021-F,19.84,3.76,5.331,NA,NA
W2100292,F2,2021,F,3,2-5,F2-2021-F,28.58,2.09,NA,NA,NA
W2100293,F2,2021,F,3,2-5,F2-2021-F,18.22,NA,NA,NA,NA
M2200294,F1,2022,M,1,2-5,F1-2022-M,31.75,2.44,8.072,NA,NA
W2200295,F2,2022,F,1,2-5,F2-2022-F,29.08,NA,NA,1,F2-2023
W2200296,F1,2022,F,1,2-5,F1-2022-F,34.92,2.62,NA,1,F1-2023
W2200297,F2,2022,F,3,2-5,F2-2022-F,23.82,NA,NA,2,F2-2023
M2200298,F2,2022,M,3,2-5,F2-2022-M,24.72,2.71,NA,NA,NA
W2200299,F2,2022,F,3,2-5,F2-2022-F,26.58,2.53,6.736,1,F2-2023
W2200300,F1,2022,F,1,2-5,F1-2022-F,27.65,3.59,5.499,NA,NA
M2200301,F2,2022,M,1,2-5,F2-2022-M,39.91,2.92,6.533,NA,NA
W2200302,F1,2022,F,2,2-5,F1-2022-F,29.69,1.4,NA,NA,NA
W2200303,F1,2022,F,2,2-5,F1-2022-F,33.26,NA,3.834,NA,NA
M2200304,F2,2022,M,1,2-5,F2-2022-M,35.07,NA,NA,NA,NA
W2200305,F1,2022,F,1,2-5,F1-2022-F,23.79,1.79,6.711,NA,NA
M2200306,F2,2022,M,2,2-5,F2-2022-M,28.69,NA,NA,NA,NA
M2200307,F2,2022,M,2,2-5,F2-2022-M,24.15,NA,6.512,NA,NA
M2200308,F1,2022,M,2,2-5,F1-2022-M,32.67,1.76,5.998,NA,NA
M2200309,F1,2022,M,2,2-5,F1-2022-M,36.33,NA,8.55,NA,NA
W2200310,F2,2022,F,2,2-5,F2-2022-F,19.73,3.2,6.081,NA,NA
W2200311,F2,2022,F,2,2-5,F2-2022-F,23.63,4.46,6.283,NA,NA
W2200312,F2,2022,F,2,2-5,F2-2022-F,33.59,2.1,6.327,NA,NA
W2200313,F2,2022,F,2,2-5,F2-2022-F,31.32,2.83,NA,NA,NA
W2200314,F1,2022,F,3,2-5,F1-2022-F,32.19,1.26,5.688,1,F1-2023
M2200315,F1,2022,M,3,2-5,F1-2022-M,28.86,NA,NA,NA,NA
W2200316,F1,2022,F,3,2-5,F1-2022-F,26.9,NA,NA,NA,NA
M2200317,F2,2022,M,1,2-5,F2-2022-M,27.96,NA,NA,NA,NA
W2200318,F1,2022,F,1,2-5,F1-2022-F,28.75,3.86,8.321,2,F1-2023
M2200319,F2,2022,M,1,2-5,F2-2022-M,37.69,2.74,7.963,NA,NA
M2200320,F1,2022,M,2,2-5,F1-2022-M,31.43,NA,NA,NA,NA
W2200321,F1,2022,F,2,2-5,F1-2022-F,27.0,2.73,4.923,NA,NA
M2200322,F2,2022,M,2,2-5,F2-2022-M,26.01,1.65,NA,NA,NA
M2200323,F2,2022,M,2,2-5,F2-2022-M,21.7,1.57,NA,NA,NA
M2200324,F1,2022,M,1,2-5,F1-2022-M,35.13,3.49,5.165,NA,NA
M2200325,F2,2022,M,1,2-5,F2-2022-M,35.6,2.18,NA,NA,NA
M2200326,F1,2022,M,1,2-5,F1-2022-M,32.66,3.01,NA,NA,NA
W2200327,F2,2022,F,1,2-5,F2-2022-F,32.55,1.74,NA,3,F2-2023
W2200328,F1,2022,F,3,2-5,F1-2022-F,20.93,3.31,6.223,NA,NA
W2200329,F1,2022,F,3,2-5,F1-2022-F,22.05,NA,6.013,2,F1-2023
M2200330,F1,2022,M,3,2-5,F1-2022-M,23.19,NA,NA,NA,NA
W2200331,F2,2022,F,2,2-5,F2-2022-F,22.91,2.4,6.413,1,F2-2023
M2200332,F2,2022,M,2,2-5,F2-2022-M,28.53,NA,NA,NA,NA
W2200333,F2,2022,F,1,2-5,F2-2022-F,37.68,NA,6.155,NA,NA
M2200334,F2,2022,M,1,2-5,F2-2022-M,29.8,NA,NA,NA,NA
M2200335,F1,2022,M,1,2-5,F1-2022-M,30.55,2.58,NA,NA,NA
M2200336,F1,2022,M,2,2-5,F1-2022-M,28.96,3.16,NA,NA,NA
M2200337,F1,2022,M,2,2-5,F1-2022-M,28.34,2.79,NA,NA,NA
W2200338,F2,2022,F,1,2-5,F2-2022-F,26.86,3.99,3.646,1,F2-2023
W2200339,F2,2022,F,2,2-5,F2-2022-F,25.76,NA,5.868,NA,NA
M2200340,F2,2022,M,2,2-5,F2-2022-M,27.4,2.09,NA,NA,NA
M2200341,F1,2022,M,1,2-5,F1-2022-M,23.88,NA,NA,NA,NA
M2200342,F2,2022,M,2,2-5,F2-2022-M,28.65,NA,3.9,NA,NA
W2200343,F2,2022,F,2,2-5,F2-2022-F,30.22,2.45,NA,2,F2-2023
W2200344,F1,2022,F,3,2-5,F1-2022-F,20.94,0.2,NA,NA,NA
W2200345,F1,2022,F,3,2-5,F1-2022-F,27.32,NA,NA,NA,NA
W2200346,F1,2022,F,3,2-5,F1-2022-F,22.92,3.45,NA,1,F1-2023
M2200347,F2,2022,M,3,2-5,F2-2022-M,27.38,3.38,NA,NA,NA
M2200348,F2,2022,M,3,2-5,F2-2022-M,31.21,1.1,NA,NA,NA
W2200349,F2,2022,F,3,2-5,F2-2022-F,30.59,2.03,NA,2,F2-2023
W2200350,F1,2022,F,1,2-5,F1-2022-F,33.79,3.57,NA,NA,NA
M2200351,F2,2022,M,1,2-5,F2-2022-M,29.83,NA,4.972,NA,NA
M2200352,F1,2022,M,2,2-5,F1-2022-M,34.34,NA,5.557,NA,NA
W2200353,F1,2022,F,2,2-5,F1-2022-F,27.42,NA,5.204,2,F1-2023
M2200354,F2,2022,M,2,2-5,F2-2022-M,31.78,NA,NA,NA,NA
W2200355,F2,2022,F,2,2-5,F2-2022-F,30.17,1.33,NA,NA,NA
M2200356,F1,2022,M,2,2-5,F1-2022-M,32.8,NA,NA,NA,NA
M2200357,F1,2022,M,2,2-5,F1-2022-M,32.44,3.33,NA,NA,NA
M2200358,F2,2022,M,1,2-5,F2-2022-M,24.42,1.41,NA,NA,NA
M2200359,F1,2022,M,2,2-5,F1-2022-M,36.45,2.71,4.861,NA,NA
W2200360,F1,2022,F,2,2-5,F1-2022-F,20.6,1.54,4.747,NA,NA
M2200361,F2,2022,M,2,2-5,F2-2022-M,23.38,NA,2.756,NA,NA
W2200362,F2,2022,F,2,2-5,F2-2022-F,32.34,5.27,5.002,1,F2-2023
M2200363,F1,2022,M,2,2-5,F1-2022-M,26.66,NA,3.043,NA,NA
M2200364,F1,2022,M,2,2-5,F1-2022-M,37.43,3.04,NA,NA,NA
M2200365,F2,2022,M,1,2-5,F2-2022-M,34.54,NA,5.491,NA,NA
M2200366,F1,2022,M,2,2-5,F1-2022-M,25.15,2.82,6.663,NA,NA
W2200367,F1,2022,F,2,2-5,F1-2022-F,27.65,4.01,5.654,NA,NA
W2200368,F2,2022,F,1,2-5,F2-2022-F,34.43,NA,5.242,NA,NA
W2200369,F1,2022,F,1,2-5,F1-2022-F,29.01,3.32,6.014,1,F1-2023
M2200370,F2,2022,M,1,2-5,F2-2022-M,28.97,NA,6.846,NA,NA
M2200371,F2,2022,M,1,2-5,F2-2022-M,38.71,1.65,NA,NA,NA
M2200372,F1,2022,M,2,2-5,F1-2022-M,30.42,NA,NA,NA,NA
W2200373,F1,2022,F,2,2-5,F1-2022-F,28.48,3.41,NA,NA,NA
M2200374,F2,2022,M,2,2-5,F2-2022-M,26.86,3.07,NA,NA,NA
W2200375,F2,2022,F,2,2-5,F2-2022-F,30.57,NA,5.457,2,F2-2023
M2200376,F1,2022,M,2,2-5,F1-2022-M,24.69,1.04,NA,NA,NA
W2200377,F1,2022,F,2,2-5,F1-2022-F,28.51,NA,5.953,NA,NA
M2200378,F2,2022,M,3,2-5,F2-2022-M,34.22,NA,NA,NA,NA
W2200379,F2,2022,F,3,2-5,F2-2022-F,22.04,NA,NA,NA,NA
M2200380,F2,2022,M,3,2-5,F2-2022-M,29.81,1.98,NA,NA,NA
M2200381,F1,2022,M,1,2-5,F1-2022-M,40.1,NA,NA,NA,NA
W2200382,F2,2022,F,2,2-5,F2-2022-F,28.79,NA,NA,NA,NA
W2200383,F2,2022,F,2,2-5,F2-2022-F,34.31,3.44,5.68,NA,NA
M2200384,F1,2022,M,1,2-5,F1-2022-M,28.77,2.42,3.198,NA,NA
W2200385,F2,2022,F,2,2-5,F2-2022-F,30.68,3.1,NA,3,F2-2023
M2200386,F2,2022,M,2,2-5,F2-2022-M,29.82,NA,NA,NA,NA
M2200387,F1,2022,M,1,2-5,F1-2022-M,33.42,NA,NA,NA,NA
W2200388,F2,2022,F,1,2-5,F2-2022-F,31.35,NA,7.944,1,F2-2023
M2200389,F1,2022,M,1,2-5,F1-2022-M,35.72,3.38,NA,NA,NA
M2200390,F2,2022,M,1,2-5,F2-2022-M,34.26,3.42,7.304,NA,NA
W2200391,F1,2022,F,2,2-5,F1-2022-F,21.94,1.41,NA,NA,NA
M2200392,F1,2022,M,2,2-5,F1-2022-M,37.57,3.45,NA,NA,NA
M2200393,F2,2022,M,3,2-5,F2-2022-M,29.59,NA,NA,NA,NA
M2200394,F2,2022,M,3,2-5,F2-2022-M,29.42,2.85,5.295,NA,NA
W2200395,F2,2022,F,3,2-5,F2-2022-F,29.07,NA,4.871,1,F2-2023
W2200396,F1,2022,F,1,2-5,F1-2022-F,27.76,2.99,NA,NA,NA
W2200397,F2,2022,F,3,2-5,F2-2022-F,21.53,3.11,5.572,1,F2-2023
M2200398,F2,2022,M,3,2-5,F2-2022-M,21.31,1.45,NA,NA,NA
W2200399,F2,2022,F,3,2-5,F2-2022-F,26.23,NA,NA,NA,NA
W2200400,F2,2022,F,3,2-5,F2-2022-F,28.93,NA,NA,1,F2-2023
M2200401,F2,2022,M,3,2-5,F2-2022-M,22.43,NA,NA,NA,NA
W2200402,F2,2022,F,3,2-5,F2-2022-F,22.1,1.95,NA,1,F2-2023
M2200403,F1,2022,M,2,2-5,F1-2022-M,28.44,2.4,NA,NA,NA
M2200404,F1,2022,M,2,2-5,F1-2022-M,34.56,1.69,NA,NA,NA
M2200405,F1,2022,M,1,2-5,F1-2022-M,37.78,4.1,5.449,NA,NA
W2200406,F1,2022,F,1,2-5,F1-2022-F,26.13,2.36,NA,2,F1-2023
W2200407,F2,2022,F,2,2-5,F2-2022-F,25.54,2.37,NA,NA,NA
M2200408,F2,2022,M,2,2-5,F2-2022-M,30.51,2.48,NA,NA,NA
W2200409,F1,2022,F,2,2-5,F1-2022-F,31.69,2.65,NA,NA,NA
W2200410,F1,2022,F,2,2-5,F1-2022-F,28.34,NA,5.989,2,F1-2023
W2200411,F1,2022,F,1,2-5,F1-2022-F,24.0,3.36,6.979,1,F1-2023
M2200412,F2,2022,M,2,2-5,F2-2022-M,22.63,NA,6.875,NA,NA
W2200413,F2,2022,F,2,2-5,F2-2022-F,38.27,2.65,7.526,2,F2-2023
M2200414,F1,2022,M,2,2-5,F1-2022-M,27.07,1.07,NA,NA,NA
W2200415,F1,2022,F,2,2-5,F1-2022-F,30.17,NA,NA,2,F1-2023
M2200416,F1,2022,M,2,2-5,F1-2022-M,25.33,NA,4.337,NA,NA
M2200417,F1,2022,M,2,2-5,F1-2022-M,33.83,NA,NA,NA,NA
M2200418,F2,2022,M,1,2-5,F2-2022-M,26.62,NA,NA,NA,NA
M2200419,F2,2022,M,3,2-5,F2-2022-M,24.47,NA,NA,NA,NA
W2200420,F2,2022,F,3,2-5,F2-2022-F,29.45,NA,NA,NA,NA
M2200421,F2,2022,M,3,2-5,F2-2022-M,25.45,2.73,NA,NA,NA
M2200422,F1,2022,M,2,2-5,F1-2022-M,31.85,NA,3.408,NA,NA
M2200423,F1,2022,M,2,2-5,F1-2022-M,36.93,NA,3.52,NA,NA
M2200424,F2,2022,M,2,2-5,F2-2022-M,23.86,2.22,5.805,NA,NA
W2200425,F2,2022,F,2,2-5,F2-2022-F,27.84,NA,NA,1,F2-2023
M2200426,F1,2022,M,2,2-5,F1-2022-M,30.62,3.08,5.601,NA,NA
W2200427,F1,2022,F,2,2-5,F1-2022-F,22.01,2.15,NA,NA,NA
W2200428,F2,2022,F,2,2-5,F2-2022-F,33.74,3.8,NA,NA,NA
M2200429,F2,2022,M,2,2-5,F2-2022-M,32.15,1.59,7.072,NA,NA
M2200430,F2,2022,M,1,2-5,F2-2022-M,36.15,3.77,7.425,NA,NA
M2200431,F1,2022,M,1,2-5,F1-2022-M,31.14,NA,4.928,NA,NA
W2200432,F2,2022,F,2,2-5,F2-2022-F,31.15,2.66,6.171,NA,NA
W2200433,F2,2022,F,2,2-5,F2-2022-F,28.95,1.98,5.255,1,F2-2023
M2200434,F1,2022,M,2,2-5,F1-2022-M,32.51,NA,NA,NA,NA
W2200435,F1,2022,F,2,2-5,F1-2022-F,22.44,NA,5.281,NA,NA
W2200436,F2,2022,F,1,2-5,F2-2022-F,31.55,3.73,NA,NA,NA
W2200437,F1,2022,F,1,2-5,F1-2022-F,32.02,2.97,6.79,2,F1-2023
W2200438,F2,2022,F,1,2-5,F2-2022-F,30.92,2.62,7.953,1,F2-2023
M2200439,F1,2022,M,1,2-5,F1-2022-M,43.58,3.42,7.206,NA,NA
W2200440,F1,2022,F,1,2-5,F1-2022-F,26.91,2.37,NA,1,F1-2023
M2200441,F2,2022,M,1,2-5,F2-2022-M,28.96,NA,NA,NA,NA
W2200442,F1,2022,F,1,2-5,F1-2022-F,22.15,NA,NA,1,F1-2023
M2200443,F1,2022,M,2,2-5,F1-2022-M,27.63,NA,NA,NA,NA
M2200444,F1,2022,M,2,2-5,F1-2022-M,33.81,4.33,NA,NA,NA
W2200445,F2,2022,F,3,2-5,F2-2022-F,24.75,2.95,NA,NA,NA
W2200446,F2,2022,F,3,2-5,F2-2022-F,24.22,NA,6.827,NA,NA
W2200447,F2,2022,F,3,2-5,F2-2022-F,25.88,2.99,7.44,NA,NA
W2200448,F1,2022,F,1,2-5,F1-2022-F,31.27,NA,5.087,2,F1-2023
W2200449,F1,2022,F,2,2-5,F1-2022-F,22.28,4.33,NA,NA,NA
W2200450,F1,2022,F,2,2-5,F1-2022-F,25.29,NA,5.218,2,F1-2023
W2200451,F2,2022,F,1,2-5,F2-2022-F,27.61,2.08,NA,1,F2-2023
W2200452,F1,2022,F,1,2-5,F1-2022-F,35.82,3.59,6.395,NA,NA
W2200453,F2,2022,F,1,2-5,F2-2022-F,27.98,2.71,7.217,NA,NA
M2200454,F1,2022,M,2,2-5,F1-2022-M,31.3,2.79,4.316,NA,NA
M2200455,F1,2022,M,2,2-5,F1-2022-M,30.38,2.27,NA,NA,NA
M2200456,F2,2022,M,1,2-5,F2-2022-M,25.85,0.74,NA,NA,NA
W2200457,F1,2022,F,1,2-5,F1-2022-F,31.8,2.85,6.35,NA,NA
W2200458,F2,2022,F,2,2-5,F2-2022-F,38.0,1.93,NA,2,F2-2023
W2200459,F2,2022,F,2,2-5,F2-2022-F,26.14,NA,NA,NA,NA
W2200460,F1,2022,F,2,2-5,F1-2022-F,33.72,3.18,NA,NA,NA
W2200461,F1,2022,F,2,2-5,F1-2022-F,277.6,2.23,NA,NA,NA
W2200462,F2,2022,F,3,2-5,F2-2022-F,21.1,3.16,NA,NA,NA
M2200463,F2,2022,M,3,2-5,F2-2022-M,19.06,2.29,NA,NA,NA
M2200464,F2,2022,M,3,2-5,F2-2022-M,26.21,3.62,5.214,NA,NA
M2200465,F1,2022,M,1,2-5,F1-2022-M,33.37,3.4,NA,NA,NA
W2200466,F2,2022,F,1,2-5,F2-2022-F,31.96,NA,7.062,NA,NA
W2200467,F1,2022,F,1,2-5,F1-2022-F,25.35,4.02,NA,NA,NA
M2200468,F1,2022,M,1,2-5,F1-2022-M,31.67,2.03,NA,NA,NA
W2200469,F2,2022,F,1,2-5,F2-2022-F,37.84,2.64,5.416,1,F2-2023
M2200470,F1,2022,M,2,2-5,F1-2022-M,29.28,2.22,4.229,NA,NA
M2200471,F1,2022,M,2,2-5,F1-2022-M,27.98,2.14,NA,NA,NA
W2200472,F2,2022,F,2,2-5,F2-2022-F,27.6,NA,6.372,NA,NA
M2200473,F2,2022,M,2,2-5,F2-2022-M,25.72,2.12,6.406,NA,NA
M2200474,F2,2022,M,2,2-5,F2-2022-M,35.37,3.94,NA,NA,NA
M2200475,F2,2022,M,2,2-5,F2-2022-M,29.7,NA,NA,NA,NA
W2200476,F1,2022,F,2,2-5,F1-2022-F,20.65,2.83,4.067,NA,NA
W2200477,F1,2022,F,2,2-5,F1-2022-F,32.28,2.31,NA,NA,NA
W2200478,F2,2022,F,1,2-5,F2-2022-F,24.13,NA,5.815,NA,NA
M2200479,F1,2022,M,2,2-5,F1-2022-M,36.51,NA,NA,NA,NA
M2200480,F1,2022,M,2,2-5,F1-2022-M,32.68,NA,7.119,NA,NA
M2200481,F2,2022,M,3,2-5,F2-2022-M,27.1,NA,NA,NA,NA
W2200482,F2,2022,F,3,2-5,F2-2022-F,27.46,NA,5.92,NA,NA
M2200483,F2,2022,M,3,2-5,F2-2022-M,29.04,3.73,7.336,NA,NA
W2200484,F1,2022,F,1,2-5,F1-2022-F,30.84,2.41,NA,NA,NA
W2200485,F2,2022,F,3,2-5,F2-2022-F,31.21,2.57,7.907,NA,NA
M2200486,F2,2022,M,3,2-5,F2-2022-M,31.34,3.45,NA,NA,NA
W2200487,F2,2022,F,3,2-5,F2-2022-F,28.06,NA,NA,NA,NA
W2200488,F1,2022,F,2,2-5,F1-2022-F,24.21,3.26,NA,NA,NA
M2200489,F1,2022,M,2,2-5,F1-2022-M,23.83,3.21,NA,NA,NA
M2200490,F2,2022,M,2,2-5,F2-2022-M,30.39,3.51,NA,NA,NA
M2200491,F2,2022,M,2,2-5,F2-2022-M,29.05,NA,7.214,NA,NA
M2200492,F2,2022,M,2,2-5,F2-2022-M,33.29,3.29,6.07,NA,NA
W2200493,F2,2022,F,2,2-5,F2-2022-F,31.45,4.72,NA,NA,NA
M2200494,F1,2022,M,1,2-5,F1-2022-M,39.58,NA,NA,NA,NA
W2200495,F2,2022,F,2,2-5,F2-2022-F,33.68,5.22,NA,NA,NA
W2200496,F2,2022,F,2,2-5,F2-2022-F,34.92,NA,8.167,2,F2-2023
M2200497,F1,2022,M,1,2-5,F1-2022-M,30.74,1.94,NA,NA,NA
W2200498,F2,2022,F,3,2-5,F2-2022-F,22.92,2.01,NA,NA,NA
M2200499,F2,2022,M,3,2-5,F2-2022-M,30.51,1.4,5.628,NA,NA
W2200500,F2,2022,F,3,2-5,F2-2022-F,27.54,NA,5.7,NA,NA
W2200501,F1,2022,F,3,2-5,F1-2022-F,22.62,NA,NA,NA,NA
W2200502,F1,2022,F,3,2-5,F1-2022-F,21.41,3.6,NA,1,F1-2023
W2200503,F1,2022,F,3,2-5,F1-2022-F,20.88,3.31,5.272,NA,NA
W2200504,F2,2022,F,2,2-5,F2-2022-F,29.15,2.26,NA,NA,NA
W2200505,F2,2022,F,2,2-5,F2-2022-F,31.37,NA,NA,NA,NA
M2200506,F1,2022,M,1,2-5,F1-2022-M,36.82,2.48,4.931,NA,NA
W2200507,F2,2022,F,1,2-5,F2-2022-F,38.39,2.56,6.45,1,F2-2023
W2200508,F1,2022,F,1,2-5,F1-2022-F,31.42,NA,4.043,NA,NA
M2200509,F2,2022,M,2,2-5,F2-2022-M,30.34,3.53,NA,NA,NA
M2200510,F2,2022,M,2,2-5,F2-2022-M,33.33,NA,NA,NA,NA
W2200511,F1,2022,F,2,2-5,F1-2022-F,27.49,2.52,NA,1,F1-2023
M2200512,F1,2022,M,2,2-5,F1-2022-M,29.37,NA,5.737,NA,NA
M2200513,F2,2022,M,1,2-5,F2-2022-M,35.4,2.22,5.669,NA,NA
W2200514,F1,2022,F,2,2-5,F1-2022-F,28.69,2.24,5.328,NA,NA
M2200515,F1,2022,M,2,2-5,F1-2022-M,35.53,2.91,4.632,NA,NA
M2200516,F2,2022,M,1,2-5,F2-2022-M,29.82,2.42,NA,NA,NA
M2200517,F1,2022,M,2,2-5,F1-2022-M,23.96,NA,6.047,NA,NA
W2200518,F1,2022,F,2,2-5,F1-2022-F,23.14,NA,NA,NA,NA
W2200519,F2,2022,F,2,2-5,F2-2022-F,30.91,2.37,NA,2,F2-2023
W2200520,F2,2022,F,2,2-5,F2-2022-F,31.72,3.02,NA,2,F2-2023
M2200521,F1,2022,M,1,2-5,F1-2022-M,32.85,2.87,NA,NA,NA
W2200522,F2,2022,F,1,2-5,F2-2022-F,33.16,NA,NA,NA,NA
M2200523,F1,2022,M,2,2-5,F1-2022-M,23.64,NA,NA,NA,NA
W2200524,F1,2022,F,2,2-5,F1-2022-F,31.58,3.1,6.035,NA,NA
M2200525,F2,2022,M,2,2-5,F2-2022-M,33.77,NA,NA,NA,NA
W2200526,F2,2022,F,2,2-5,F2-2022-F,29.45,1.82,NA,2,F2-2023
W2200527,F1,2022,F,2,2-5,F1-2022-F,23.95,1.39,6.034,NA,NA
M2200528,F1,2022,M,2,2-5,F1-2022-M,27.72,2.47,NA,NA,NA
M2200529,F2,2022,M,1,2-5,F2-2022-M,40.73,4.28,6.93,NA,NA
M2200530,F1,2022,M,1,2-5,F1-2022-M,31.64,NA,NA,NA,NA
W2200531,F2,2022,F,2,2-5,F2-2022-F,33.14,1.32,NA,NA,NA
M2200532,F2,2022,M,2,2-5,F2-2022-M,31.53,2.95,6.675,NA,NA
W2200533,F1,2022,F,2,2-5,F1-2022-F,21.32,NA,5.432,NA,NA
W2200534,F1,2022,F,2,2-5,F1-2022-F,18.36,NA,6.029,NA,NA
W2200535,F2,2022,F,2,2-5,F2-2022-F,29.97,3.43,6.673,NA,NA
M2200536,F2,2022,M,2,2-5,F2-2022-M,27.84,0.65,NA,NA,NA
M2200537,F2,2022,M,2,2-5,F2-2022-M,25.87,NA,NA,NA,NA
W2200538,F2,2022,F,2,2-5,F2-2022-F,27.62,1.47,6.39,1,F2-2023
W2200539,F1,2022,F,1,2-5,F1-2022-F,32.29,NA,NA,NA,NA
M2200540,F2,2022,M,2,2-5,F2-2022-M,32.81,4.0,7.296,NA,NA
W2200541,F2,2022,F,2,2-5,F2-2022-F,28.62,3.36,NA,NA,NA
W2200542,F1,2022,F,1,2-5,F1-2022-F,25.76,2.32,NA,NA,NA
M2200543,F2,2022,M,2,2-5,F2-2022-M,32.23,0.87,NA,NA,NA
W2200544,F2,2022,F,2,2-5,F2-2022-F,31.66,2.14,NA,1,F2-2023
M2200545,F1,2022,M,1,2-5,F1-2022-M,37.8,3.06,NA,NA,NA
W2200546,F2,2022,F,2,2-5,F2-2022-F,27.14,3.07,8.05,NA,NA
W2200547,F2,2022,F,2,2-5,F2-2022-F,31.45,NA,NA,2,F2-2023
W2200548,F1,2022,F,1,2-5,F1-2022-F,33.31,NA,7.397,NA,NA
W2200549,F1,2022,F,2,2-5,F1-2022-F,24.47,NA,6.921,2,F1-2023
M2200550,F1,2022,M,2,2-5,F1-2022-M,33.33,3.4,7.469,NA,NA
W2200551,F2,2022,F,1,2-5,F2-2022-F,32.7,1.49,NA,NA,NA
W2200552,F1,2022,F,2,2-5,F1-2022-F,32.26,2.31,4.85,NA,NA
W2200553,F1,2022,F,2,2-5,F1-2022-F,21.54,NA,NA,NA,NA
M2200554,F2,2022,M,2,2-5,F2-2022-M,29.27,1.87,6.345,NA,NA
W2200555,F2,2022,F,2,2-5,F2-2022-F,26.69,3.25,7.023,NA,NA
M2200556,F1,2022,M,1,2-5,F1-2022-M,32.3,NA,NA,NA,NA
M2200557,F2,2022,M,1,2-5,F2-2022-M,25.29,1.11,NA,NA,NA
W2200558,F1,2022,F,1,2-5,F1-2022-F,27.6,1.54,6.148,NA,NA
W2200559,F2,2022,F,1,2-5,F2-2022-F,29.8,3.15,6.595,NA,NA
M2200560,F1,2022,M,2,2-5,F1-2022-M,26.66,NA,4.213,NA,NA
W2200561,F1,2022,F,2,2-5,F1-2022-F,28.09,NA,7.747,2,F1-2023
M2200562,F2,2022,M,3,2-5,F2-2022-M,23.83,0.72,5.405,NA,NA
W2200563,F2,2022,F,3,2-5,F2-2022-F,25.38,NA,4.406,NA,NA
W2200564,F2,2022,F,3,2-5,F2-2022-F,21.33,NA,NA,1,F2-2023
M2200565,F1,2022,M,1,2-5,F1-2022-M,25.66,NA,4.995,NA,NA
W2200566,F1,2022,F,2,2-5,F1-2022-F,24.35,2.49,5.077,NA,NA
W2200567,F1,2022,F,2,2-5,F1-2022-F,28.46,NA,NA,NA,NA
W2200568,F2,2022,F,1,2-5,F2-2022-F,27.46,1.48,NA,1,F2-2023
W2200569,F1,2022,F,1,2-5,F1-2022-F,29.23,1.9,3.755,2,F1-2023
W2200570,F2,2022,F,1,2-5,F2-2022-F,33.15,3.05,5.895,1,F2-2023
M2200571,F2,2022,M,1,1,F2-2022-M,38.41,2.6,6.335,NA,NA
W2200572,F2,2022,F,1,1,F2-2022-F,28.53,4.07,6.884,NA,NA
M2200573,F2,2022,M,2,1,F2-2022-M,36.41,2.56,5.449,NA,NA
W2200574,F2,2022,F,2,1,F2-2022-F,21.94,NA,NA,1,F2-2023
M2200575,F1,2022,M,2,1,F1-2022-M,25.22,1.88,NA,NA,NA
W2200576,F1,2022,F,2,1,F1-2022-F,23.57,2.99,NA,NA,NA
M2200577,F2,2022,M,3,1,F2-2022-M,28.0,NA,7.905,NA,NA
M2200578,F2,2022,M,3,1,F2-2022-M,21.22,2.72,NA,NA,NA
W2200579,F2,2022,F,3,1,F2-2022-F,26.57,NA,NA,1,F2-2023
M2200580,F1,2022,M,1,1,F1-2022-M,23.54,NA,3.991,NA,NA
W2200581,F1,2022,F,2,1,F1-2022-F,26.1,NA,5.54,NA,NA
W2200582,F1,2022,F,2,1,F1-2022-F,27.53,4.1,4.145,NA,NA
M2200583,F1,2022,M,1,1,F1-2022-M,33.66,2.22,NA,NA,NA
M2200584,F2,2022,M,1,1,F2-2022-M,29.66,2.52,NA,NA,NA
W2200585,F1,2022,F,1,1,F1-2022-F,31.35,NA,3.732,NA,NA
W2200586,F1,2022,F,2,1,F1-2022-F,26.83,2.66,NA,NA,NA
M2200587,F1,2022,M,2,1,F1-2022-M,30.61,NA,NA,NA,NA
M2200588,F2,2022,M,1,1,F2-2022-M,37.54,2.94,5.198,NA,NA
W2200589,F2,2022,F,2,1,F2-2022-F,36.79,NA,NA,NA,NA
W2200590,F2,2022,F,2,1,F2-2022-F,29.97,NA,NA,NA,NA
M2200591,F2,2022,M,2,1,F2-2022-M,29.14,3.26,7.002,NA,NA
M2200592,F2,2022,M,2,1,F2-2022-M,26.49,0.87,5.298,NA,NA
M2200593,F2,2022,M,1,1,F2-2022-M,29.03,NA,NA,NA,NA
W2200594,F2,2022,F,1,1,F2-2022-F,34.27,5.13,6.876,NA,NA
W2200595,F1,2022,F,2,1,F1-2022-F,22.05,2.8,4.462,1,F1-2023
M2200596,F1,2022,M,2,1,F1-2022-M,25.6,3.15,NA,NA,NA
M2200597,F1,2022,M,1,1,F1-2022-M,35.24,3.58,4.073,NA,NA
W2200598,F2,2022,F,1,1,F2-2022-F,35.62,2.67,6.515,NA,NA
M2200599,F2,2022,M,2,1,F2-2022-M,28.26,2.9,NA,NA,NA
W2200600,F2,2022,F,2,1,F2-2022-F,30.03,3.36,NA,NA,NA
W2200601,F1,2022,F,1,1,F1-2022-F,27.86,4.12,NA,NA,NA
W2200602,F1,2022,F,1,1,F1-2022-F,27.81,NA,6.528,NA,NA
W2200603,F1,2022,F,1,1,F1-2022-F,20.2,1.6,NA,2,F1-2023
M2200604,F2,2022,M,1,1,F2-2022-M,36.91,2.89,6.011,NA,NA
W2200605,F1,2022,F,1,1,F1-2022-F,27.96,3.28,6.972,2,F1-2023
W2200606,F2,2022,F,1,1,F2-2022-F,23.05,4.12,7.351,NA,NA
W2200607,F2,2022,F,1,1,F2-2022-F,35.2,2.52,5.891,NA,NA
M2200608,F1,2022,M,1,1,F1-2022-M,30.67,3.04,NA,NA,NA
W2200609,F1,2022,F,1,1,F1-2022-F,29.02,2.06,NA,NA,NA
W2200610,F2,2022,F,2,1,F2-2022-F,32.28,NA,NA,1,F2-2023
M2200611,F2,2022,M,2,1,F2-2022-M,30.51,NA,NA,NA,NA
M2200612,F2,2022,M,2,1,F2-2022-M,27.74,NA,4.032,NA,NA
M2200613,F2,2022,M,2,1,F2-2022-M,28.64,2.81,NA,NA,NA
W2200614,F1,2022,F,1,1,F1-2022-F,25.46,NA,NA,NA,NA
M2200615,F2,2022,M,2,1,F2-2022-M,31.28,2.76,NA,NA,NA
M2200616,F2,2022,M,2,1,F2-2022-M,24.56,NA,7.694,NA,NA
M2200617,F2,2022,M,3,1,F2-2022-M,25.51,NA,6.779,NA,NA
M2200618,F2,2022,M,3,1,F2-2022-M,22.72,1.97,7.131,NA,NA
M2200619,F2,2022,M,3,1,F2-2022-M,22.06,1.52,NA,NA,NA
W2200620,F1,2022,F,1,1,F1-2022-F,29.55,3.37,NA,NA,NA
W2200621,F2,2022,F,1,1,F2-2022-F,31.14,2.6,6.705,NA,NA
M2200622,F1,2022,M,2,1,F1-2022-M,25.25,3.99,NA,NA,NA
M2200623,F1,2022,M,2,1,F1-2022-M,20.38,NA,5.329,NA,NA
W2200624,F2,2022,F,2,1,F2-2022-F,28.47,NA,NA,NA,NA
W2200625,F2,2022,F,2,1,F2-2022-F,32.33,NA,6.589,NA,NA
W2200626,F2,2022,F,2,1,F2-2022-F,24.08,NA,NA,NA,NA
W2200627,F2,2022,F,2,1,F2-2022-F,27.28,1.48,NA,NA,NA
M2200628,F1,2022,M,2,1,F1-2022-M,26.33,2.26,5.148,NA,NA
W2200629,F1,2022,F,2,1,F1-2022-F,17.32,2.24,NA,NA,NA
W2200630,F2,2022,F,1,1,F2-2022-F,32.55,3.27,4.06,NA,NA
W2200631,F1,2022,F,2,1,F1-2022-F,20.29,2.71,7.538,NA,NA
M2200632,F1,2022,M,2,1,F1-2022-M,24.21,2.82,4.997,NA,NA
W2200633,F2,2022,F,2,1,F2-2022-F,30.3,NA,NA,NA,NA
W2200634,F2,2022,F,2,1,F2-2022-F,30.44,2.99,NA,NA,NA
W2200635,F1,2022,F,1,1,F1-2022-F,26.18,NA,3.679,NA,NA
W2200636,F1,2022,F,2,1,F1-2022-F,310.4,3.03,NA,NA,NA
W2200637,F1,2022,F,2,1,F1-2022-F,27.58,3.34,NA,NA,NA
M2200638,F1,2022,M,2,1,F1-2022-M,30.58,NA,NA,NA,NA
M2200639,F1,2022,M,2,1,F1-2022-M,30.34,NA,NA,NA,NA
W2200640,F2,2022,F,1,1,F2-2022-F,40.75,4.58,NA,1,F2-2023
M2200641,F1,2022,M,1,1,F1-2022-M,27.17,1.43,6.321,NA,NA
W2200642,F1,2022,F,2,1,F1-2022-F,27.09,NA,5.804,NA,NA
M2200643,F1,2022,M,2,1,F1-2022-M,25.62,2.19,4.096,NA,NA
M2200644,F2,2022,M,2,1,F2-2022-M,31.59,NA,NA,NA,NA
W2200645,F2,2022,F,2,1,F2-2022-F,26.65,1.72,NA,NA,NA
M2200646,F2,2022,M,1,1,F2-2022-M,34.92,2.56,NA,NA,NA
W2300647,F1,2023,F,1,2-5,F1-2023-F,28.83,2.97,3.796,NA,NA
W2300648,F2,2023,F,2,2-5,F2-2023-F,32.01,2.53,6.857,NA,NA
W2300649,F2,2023,F,2,2-5,F2-2023-F,31.98,3.09,6.833,1,F2-2024
W2300650,F1,2023,F,2,2-5,F1-2023-F,28.07,NA,NA,NA,NA
M2300651,F1,2023,M,2,2-5,F1-2023-M,23.71,3.29,NA,NA,NA
M2300652,F2,2023,M,3,2-5,F2-2023-M,26.5,2.58,5.835,NA,NA
W2300653,F2,2023,F,3,2-5,F2-2023-F,27.39,4.01,7.159,NA,NA
W2300654,F2,2023,F,3,2-5,F2-2023-F,30.53,NA,NA,NA,NA
M2300655,F2,2023,M,1,2-5,F2-2023-M,30.57,NA,7.307,NA,NA
W2300656,F1,2023,F,1,2-5,F1-2023-F,41.47,NA,6.578,NA,NA
M2300657,F2,2023,M,1,2-5,F2-2023-M,29.59,1.39,NA,NA,NA
M2300658,F2,2023,M,3,2-5,F2-2023-M,37.47,NA,NA,NA,NA
W2300659,F2,2023,F,3,2-5,F2-2023-F,27.9,2.95,5.524,NA,NA
M2300660,F2,2023,M,3,2-5,F2-2023-M,30.79,1.97,5.695,NA,NA
W2300661,F1,2023,F,2,2-5,F1-2023-F,29.99,2.01,NA,1,F1-2024
W2300662,F1,2023,F,2,2-5,F1-2023-F,36.0,2.38,4.081,NA,NA
M2300663,F2,2023,M,2,2-5,F2-2023-M,37.12,3.19,NA,NA,NA
M2300664,F2,2023,M,2,2-5,F2-2023-M,27.03,2.74,NA,NA,NA
W2300665,F2,2023,F,2,2-5,F2-2023-F,26.33,2.9,NA,NA,NA
M2300666,F2,2023,M,2,2-5,F2-2023-M,29.5,2.69,NA,NA,NA
W2300667,F2,2023,F,2,2-5,F2-2023-F,31.5,2.0,NA,NA,NA
M2300668,F2,2023,M,2,2-5,F2-2023-M,36.78,NA,6.327,NA,NA
W2300669,F1,2023,F,1,2-5,F1-2023-F,29.9,3.4,NA,NA,NA
M2300670,F2,2023,M,2,2-5,F2-2023-M,25.96,1.3,NA,NA,NA
M2300671,F2,2023,M,2,2-5,F2-2023-M,29.95,NA,3.695,NA,NA
W2300672,F1,2023,F,1,2-5,F1-2023-F,37.75,4.75,NA,NA,NA
W2300673,F2,2023,F,1,2-5,F2-2023-F,33.83,4.04,NA,2,F2-2024
W2300674,F2,2023,F,2,2-5,F2-2023-F,28.29,2.31,NA,2,F2-2024
M2300675,F2,2023,M,2,2-5,F2-2023-M,33.6,1.81,7.342,NA,NA
M2300676,F1,2023,M,1,2-5,F1-2023-M,29.99,3.89,NA,NA,NA
M2300677,F2,2023,M,1,2-5,F2-2023-M,34.63,2.43,NA,NA,NA
W2300678,F2,2023,F,1,2-5,F2-2023-F,33.3,1.35,NA,NA,NA
W2300679,F2,2023,F,2,2-5,F2-2023-F,30.01,3.45,6.753,1,F2-2024
W2300680,F2,2023,F,2,2-5,F2-2023-F,26.48,NA,6.592,NA,NA
M2300681,F1,2023,M,1,2-5,F1-2023-M,26.16,3.98,5.787,NA,NA
W2300682,F1,2023,F,1,2-5,F1-2023-F,28.8,3.07,NA,1,F1-2024
M2300683,F2,2023,M,1,2-5,F2-2023-M,38.94,2.92,4.169,NA,NA
W2300684,F2,2023,F,1,2-5,F2-2023-F,34.27,NA,NA,1,F2-2024
W2300685,F1,2023,F,2,2-5,F1-2023-F,28.63,2.46,6.212,2,F1-2024
M2300686,F1,2023,M,2,2-5,F1-2023-M,28.46,NA,6.826,NA,NA
M2300687,F1,2023,M,2,2-5,F1-2023-M,22.04,NA,4.888,NA,NA
M2300688,F1,2023,M,2,2-5,F1-2023-M,22.2,NA,NA,NA,NA
W2300689,F2,2023,F,3,2-5,F2-2023-F,29.52,NA,NA,NA,NA
M2300690,F2,2023,M,3,2-5,F2-2023-M,30.41,0.97,6.25,NA,NA
M2300691,F2,2023,M,3,2-5,F2-2023-M,28.33,0.96,NA,NA,NA
W2300692,F1,2023,F,2,2-5,F1-2023-F,24.1,NA,4.798,NA,NA
W2300693,F1,2023,F,2,2-5,F1-2023-F,27.7,NA,6.638,NA,NA
W2300694,F2,2023,F,1,2-5,F2-2023-F,34.61,0.86,6.019,NA,NA
M2300695,F1,2023,M,2,2-5,F1-2023-M,28.88,NA,4.861,NA,NA
W2300696,F1,2023,F,2,2-5,F1-2023-F,24.24,NA,6.209,NA,NA
W2300697,F2,2023,F,1,2-5,F2-2023-F,32.76,4.04,NA,NA,NA
W2300698,F1,2023,F,2,2-5,F1-2023-F,29.41,NA,5.547,NA,NA
W2300699,F1,2023,F,2,2-5,F1-2023-F,17.33,3.85,5.6,NA,NA
M2300700,F2,2023,M,2,2-5,F2-2023-M,33.82,NA,5.524,NA,NA
M2300701,F2,2023,M,2,2-5,F2-2023-M,32.16,NA,6.179,NA,NA
W2300702,F1,2023,F,1,2-5,F1-2023-F,27.89,4.19,5.339,NA,NA
M2300703,F2,2023,M,1,2-5,F2-2023-M,32.29,NA,NA,NA,NA
M2300704,F1,2023,M,2,2-5,F1-2023-M,25.34,NA,NA,NA,NA
W2300705,F1,2023,F,2,2-5,F1-2023-F,34.31,NA,NA,2,F1-2024
M2300706,F1,2023,M,2,2-5,F1-2023-M,29.38,NA,NA,NA,NA
M2300707,F1,2023,M,2,2-5,F1-2023-M,23.25,2.76,NA,NA,NA
W2300708,F1,2023,F,1,2-5,F1-2023-F,33.3,NA,NA,NA,NA
M2300709,F2,2023,M,1,2-5,F2-2023-M,41.03,NA,NA,NA,NA
W2300710,F2,2023,F,2,2-5,F2-2023-F,31.63,NA,NA,NA,NA
M2300711,F2,2023,M,2,2-5,F2-2023-M,28.6,NA,NA,NA,NA
W2300712,F1,2023,F,2,2-5,F1-2023-F,26.19,NA,NA,NA,NA
M2300713,F1,2023,M,2,2-5,F1-2023-M,21.53,NA,NA,NA,NA
M2300714,F2,2023,M,2,2-5,F2-2023-M,37.59,3.42,6.451,NA,NA
M2300715,F2,2023,M,2,2-5,F2-2023-M,42.36,NA,NA,NA,NA
M2300716,F1,2023,M,2,2-5,F1-2023-M,31.32,1.97,6.706,NA,NA
M2300717,F1,2023,M,2,2-5,F1-2023-M,26.06,1.98,NA,NA,NA
M2300718,F2,2023,M,1,2-5,F2-2023-M,33.33,4.43,5.177,NA,NA
M2300719,F1,2023,M,1,2-5,F1-2023-M,27.06,1.66,5.725,NA,NA
W2300720,F2,2023,F,1,2-5,F2-2023-F,37.09,NA,NA,NA,NA
M2300721,F1,2023,M,2,2-5,F1-2023-M,25.63,1.33,NA,NA,NA
M2300722,F1,2023,M,2,2-5,F1-2023-M,25.85,NA,5.984,NA,NA
W2300723,F1,2023,F,1,2-5,F1-2023-F,29.25,NA,NA,NA,NA
M2300724,F2,2023,M,1,2-5,F2-2023-M,41.61,3.35,NA,NA,NA
W2300725,F1,2023,F,3,2-5,F1-2023-F,25.2,3.4,7.528,NA,NA
M2300726,F1,2023,M,3,2-5,F1-2023-M,22.75,1.09,6.223,NA,NA
M2300727,F1,2023,M,3,2-5,F1-2023-M,25.69,NA,NA,NA,NA
M2300728,F2,2023,M,2,2-5,F2-2023-M,36.25,NA,8.799,NA,NA
M2300729,F2,2023,M,2,2-5,F2-2023-M,33.87,1.91,NA,NA,NA
W2300730,F1,2023,F,2,2-5,F1-2023-F,30.5,3.54,NA,NA,NA
M2300731,F1,2023,M,2,2-5,F1-2023-M,31.38,NA,5.864,NA,NA
M2300732,F2,2023,M,2,2-5,F2-2023-M,33.36,1.62,4.947,NA,NA
M2300733,F2,2023,M,2,2-5,F2-2023-M,33.2,0.35,NA,NA,NA
M2300734,F2,2023,M,1,2-5,F2-2023-M,30.71,NA,NA,NA,NA
M2300735,F1,2023,M,1,2-5,F1-2023-M,27.87,NA,NA,NA,NA
W2300736,F1,2023,F,1,2-5,F1-2023-F,32.82,NA,5.975,NA,NA
M2300737,F1,2023,M,1,2-5,F1-2023-M,33.83,NA,NA,NA,NA
W2300738,F2,2023,F,1,2-5,F2-2023-F,30.67,NA,6.312,1,F2-2024
W2300739,F1,2023,F,2,2-5,F1-2023-F,36.63,3.16,6.548,1,F1-2024
M2300740,F1,2023,M,2,2-5,F1-2023-M,26.87,3.62,5.31,NA,NA
W2300741,F1,2023,F,1,2-5,F1-2023-F,27.14,NA,NA,2,F1-2024
W2300742,F2,2023,F,2,2-5,F2-2023-F,27.52,NA,NA,2,F2-2024
M2300743,F2,2023,M,2,2-5,F2-2023-M,35.02,2.25,NA,NA,NA
M2300744,F1,2023,M,3,2-5,F1-2023-M,21.84,2.88,4.735,NA,NA
M2300745,F1,2023,M,3,2-5,F1-2023-M,24.88,NA,NA,NA,NA
W2300746,F1,2023,F,3,2-5,F1-2023-F,25.38,3.71,6.233,NA,NA
M2300747,F1,2023,M,2,2-5,F1-2023-M,23.19,1.87,7.434,NA,NA
W2300748,F1,2023,F,2,2-5,F1-2023-F,27.35,4.23,NA,1,F1-2024
W2300749,F2,2023,F,1,2-5,F2-2023-F,32.92,4.56,6.961,3,F2-2024
M2300750,F1,2023,M,3,2-5,F1-2023-M,33.01,NA,NA,NA,NA
W2300751,F1,2023,F,3,2-5,F1-2023-F,19.79,NA,NA,1,F1-2024
M2300752,F1,2023,M,3,2-5,F1-2023-M,22.48,NA,5.558,NA,NA
W2300753,F2,2023,F,2,2-5,F2-2023-F,38.59,5.15,NA,NA,NA
M2300754,F2,2023,M,2,2-5,F2-2023-M,32.48,1.77,NA,NA,NA
M2300755,F2,2023,M,2,2-5,F2-2023-M,27.85,NA,5.419,NA,NA
M2300756,F2,2023,M,2,2-5,F2-2023-M,33.6,NA,6.114,NA,NA
M2300757,F2,2023,M,2,2-5,F2-2023-M,33.03,2.85,6.941,NA,NA
W2300758,F2,2023,F,2,2-5,F2-2023-F,30.59,NA,7.087,NA,NA
M2300759,F1,2023,M,2,2-5,F1-2023-M,23.73,NA,NA,NA,NA
W2300760,F1,2023,F,2,2-5,F1-2023-F,34.06,4.6,6.099,NA,NA
M2300761,F2,2023,M,2,2-5,F2-2023-M,36.34,NA,5.254,NA,NA
W2300762,F2,2023,F,2,2-5,F2-2023-F,28.74,NA,NA,NA,NA
M2300763,F1,2023,M,2,2-5,F1-2023-M,26.4,NA,NA,NA,NA
M2300764,F1,2023,M,2,2-5,F1-2023-M,26.1,3.43,4.689,NA,NA
W2300765,F2,2023,F,2,2-5,F2-2023-F,26.15,NA,NA,2,F2-2024
M2300766,F2,2023,M,2,2-5,F2-2023-M,26.59,1.41,NA,NA,NA
M2300767,F1,2023,M,1,2-5,F1-2023-M,21.61,0.84,NA,NA,NA
W2300768,F2,2023,F,2,2-5,F2-2023-F,30.64,2.34,7.842,NA,NA
M2300769,F2,2023,M,2,2-5,F2-2023-M,26.66,1.14,4.796,NA,NA
M2300770,F1,2023,M,1,2-5,F1-2023-M,29.5,2.26,NA,NA,NA
M2300771,F1,2023,M,1,2-5,F1-2023-M,25.58,2.66,NA,NA,NA
M2300772,F2,2023,M,1,2-5,F2-2023-M,37.15,NA,NA,NA,NA
M2300773,F1,2023,M,1,2-5,F1-2023-M,39.08,NA,4.111,NA,NA
W2300774,F1,2023,F,1,2-5,F1-2023-F,31.08,3.61,4.365,NA,NA
M2300775,F2,2023,M,2,2-5,F2-2023-M,32.44,NA,6.785,NA,NA
W2300776,F2,2023,F,2,2-5,F2-2023-F,30.82,NA,6.482,2,F2-2024
M2300777,F1,2023,M,3,2-5,F1-2023-M,24.02,1.9,4.561,NA,NA
W2300778,F1,2023,F,3,2-5,F1-2023-F,23.28,2.64,4.904,1,F1-2024
W2300779,F1,2023,F,3,2-5,F1-2023-F,18.84,NA,6.183,NA,NA
M2300780,F1,2023,M,3,2-5,F1-2023-M,27.34,NA,NA,NA,NA
M2300781,F1,2023,M,3,2-5,F1-2023-M,21.83,1.83,NA,NA,NA
W2300782,F1,2023,F,3,2-5,F1-2023-F,27.29,NA,NA,NA,NA
W2300783,F2,2023,F,1,2-5,F2-2023-F,39.0,NA,NA,NA,NA
W2300784,F1,2023,F,2,2-5,F1-2023-F,29.32,NA,5.514,NA,NA
M2300785,F1,2023,M,2,2-5,F1-2023-M,24.77,NA,NA,NA,NA
W2300786,F2,2023,F,2,2-5,F2-2023-F,31.54,NA,7.311,2,F2-2024
M2300787,F2,2023,M,2,2-5,F2-2023-M,38.47,NA,6.684,NA,NA
W2300788,F1,2023,F,2,2-5,F1-2023-F,31.15,2.02,NA,2,F1-2024
W2300789,F1,2023,F,2,2-5,F1-2023-F,24.86,1.52,NA,NA,NA
W2300790,F2,2023,F,1,2-5,F2-2023-F,31.23,2.71,NA,1,F2-2024
W2300791,F2,2023,F,2,2-5,F2-2023-F,30.35,4.77,NA,1,F2-2024
M2300792,F2,2023,M,2,2-5,F2-2023-M,31.05,2.51,6.284,NA,NA
W2300793,F1,2023,F,2,2-5,F1-2023-F,21.66,3.4,4.703,NA,NA
M2300794,F1,2023,M,2,2-5,F1-2023-M,35.8,4.51,6.216,NA,NA
W2300795,F2,2023,F,1,2-5,F2-2023-F,31.49,2.65,7.19,NA,NA
M2300796,F1,2023,M,3,2-5,F1-2023-M,27.78,1.79,7.227,NA,NA
M2300797,F1,2023,M,3,2-5,F1-2023-M,23.44,0.52,NA,NA,NA
W2300798,F1,2023,F,3,2-5,F1-2023-F,31.43,2.55,NA,NA,NA
W2300799,F2,2023,F,1,2-5,F2-2023-F,34.25,2.28,NA,NA,NA
M2300800,F1,2023,M,1,2-5,F1-2023-M,22.22,NA,8.015,NA,NA
W2300801,F2,2023,F,2,2-5,F2-2023-F,32.33,NA,7.198,1,F2-2024
W2300802,F2,2023,F,2,2-5,F2-2023-F,34.56,3.36,5.893,1,F2-2024
M2300803,F1,2023,M,2,2-5,F1-2023-M,26.42,NA,4.903,NA,NA
W2300804,F1,2023,F,2,2-5,F1-2023-F,27.46,3.69,NA,NA,NA
M2300805,F2,2023,M,1,2-5,F2-2023-M,39.14,3.21,5.633,NA,NA
M2300806,F2,2023,M,2,2-5,F2-2023-M,35.05,NA,4.962,NA,NA
W2300807,F2,2023,F,2,2-5,F2-2023-F,32.44,2.59,NA,2,F2-2024
M2300808,F1,2023,M,2,2-5,F1-2023-M,24.18,0.33,NA,NA,NA
M2300809,F1,2023,M,2,2-5,F1-2023-M,20.33,2.06,NA,NA,NA
M2300810,F2,2023,M,2,2-5,F2-2023-M,27.07,NA,6.262,NA,NA
W2300811,F2,2023,F,2,2-5,F2-2023-F,28.13,NA,5.202,NA,NA
W2300812,F2,2023,F,2,2-5,F2-2023-F,29.04,1.9,NA,NA,NA
W2300813,F2,2023,F,2,2-5,F2-2023-F,27.09,2.93,NA,2,F2-2024
M2300814,F1,2023,M,2,2-5,F1-2023-M,30.41,2.95,NA,NA,NA
M2300815,F1,2023,M,2,2-5,F1-2023-M,22.32,2.74,NA,NA,NA
M2300816,F2,2023,M,1,2-5,F2-2023-M,26.21,2.07,NA,NA,NA
W2300817,F1,2023,F,2,2-5,F1-2023-F,26.35,3.76,NA,NA,NA
M2300818,F1,2023,M,2,2-5,F1-2023-M,18.91,1.54,7.18,NA,NA
M2300819,F2,2023,M,3,2-5,F2-2023-M,21.19,NA,NA,NA,NA
M2300820,F2,2023,M,3,2-5,F2-2023-M,34.04,3.24,7.477,NA,NA
M2300821,F2,2023,M,3,2-5,F2-2023-M,19.61,NA,5.002,NA,NA
W2300822,F2,2023,F,2,2-5,F2-2023-F,27.14,1.77,NA,NA,NA
M2300823,F2,2023,M,2,2-5,F2-2023-M,32.92,3.13,NA,NA,NA
M2300824,F1,2023,M,1,2-5,F1-2023-M,29.77,2.96,NA,NA,NA
W2300825,F2,2023,F,2,2-5,F2-2023-F,32.97,NA,NA,NA,NA
M2300826,F2,2023,M,2,2-5,F2-2023-M,39.27,3.1,NA,NA,NA
M2300827,F1,2023,M,3,2-5,F1-2023-M,33.65,3.3,5.173,NA,NA
M2300828,F1,2023,M,3,2-5,F1-2023-M,25.24,NA,NA,NA,NA
W2300829,F1,2023,F,3,2-5,F1-2023-F,31.49,NA,NA,NA,NA
W2300830,F2,2023,F,2,2-5,F2-2023-F,28.56,NA,8.111,3,F2-2024
W2300831,F2,2023,F,2,2-5,F2-2023-F,27.34,NA,NA,2,F2-2024
W2300832,F1,2023,F,1,2-5,F1-2023-F,35.3,5.14,NA,NA,NA
M2300833,F1,2023,M,2,2-5,F1-2023-M,26.17,NA,5.196,NA,NA
M2300834,F1,2023,M,2,2-5,F1-2023-M,29.89,3.33,NA,NA,NA
M2300835,F2,2023,M,2,2-5,F2-2023-M,37.77,1.55,6.046,NA,NA
W2300836,F2,2023,F,2,2-5,F2-2023-F,31.04,NA,NA,NA,NA
W2300837,F2,2023,F,2,2-5,F2-2023-F,32.89,NA,5.032,NA,NA
M2300838,F2,2023,M,2,2-5,F2-2023-M,33.48,2.54,3.905,NA,NA
W2300839,F1,2023,F,3,2-5,F1-2023-F,20.0,NA,7.228,NA,NA
W2300840,F1,2023,F,3,2-5,F1-2023-F,32.64,3.81,7.358,NA,NA
W2300841,F1,2023,F,3,2-5,F1-2023-F,29.14,2.18,7.402,NA,NA
W2300842,F2,2023,F,2,2-5,F2-2023-F,25.81,2.91,6.326,NA,NA
W2300843,F2,2023,F,2,2-5,F2-2023-F,31.57,2.47,5.664,3,F2-2024
M2300844,F1,2023,M,1,2-5,F1-2023-M,24.68,3.15,6.371,NA,NA
M2300845,F1,2023,M,2,2-5,F1-2023-M,28.19,2.81,NA,NA,NA
M2300846,F1,2023,M,2,2-5,F1-2023-M,36.9,NA,7.956,NA,NA
M2300847,F2,2023,M,1,2-5,F2-2023-M,37.71,3.45,NA,NA,NA
M2300848,F1,2023,M,2,2-5,F1-2023-M,24.03,NA,6.684,NA,NA
M2300849,F1,2023,M,2,2-5,F1-2023-M,26.65,NA,6.025,NA,NA
M2300850,F1,2023,M,2,2-5,F1-2023-M,24.83,3.39,5.54,NA,NA
M2300851,F1,2023,M,2,2-5,F1-2023-M,26.52,NA,6.649,NA,NA
M2300852,F2,2023,M,2,2-5,F2-2023-M,21.07,NA,4.336,NA,NA
M2300853,F2,2023,M,2,2-5,F2-2023-M,36.16,NA,NA,NA,NA
M2300854,F1,2023,M,2,2-5,F1-2023-M,21.55,NA,NA,NA,NA
M2300855,F1,2023,M,2,2-5,F1-2023-M,23.04,2.62,6.19,NA,NA
M2300856,F2,2023,M,2,2-5,F2-2023-M,33.11,2.33,7.627,NA,NA
M2300857,F2,2023,M,2,2-5,F2-2023-M,39.05,NA,6.565,NA,NA
W2300858,F1,2023,F,2,2-5,F1-2023-F,23.18,NA,8.63,2,F1-2024
M2300859,F1,2023,M,2,2-5,F1-2023-M,29.08,3.35,6.494,NA,NA
M2300860,F2,2023,M,3,2-5,F2-2023-M,34.05,2.98,5.359,NA,NA
M2300861,F2,2023,M,3,2-5,F2-2023-M,28.91,2.06,NA,NA,NA
W2300862,F2,2023,F,3,2-5,F2-2023-F,29.67,NA,7.162,NA,NA
M2300863,F1,2023,M,1,2-5,F1-2023-M,31.38,NA,NA,NA,NA
M2300864,F2,2023,M,1,2-5,F2-2023-M,31.05,NA,7.237,NA,NA
M2300865,F1,2023,M,1,2-5,F1-2023-M,21.47,NA,NA,NA,NA
W2300866,F1,2023,F,1,2-5,F1-2023-F,30.15,4.05,6.763,NA,NA
W2300867,F2,2023,F,1,2-5,F2-2023-F,33.01,NA,NA,NA,NA
W2300868,F1,2023,F,2,2-5,F1-2023-F,22.23,NA,NA,NA,NA
W2300869,F1,2023,F,2,2-5,F1-2023-F,32.83,3.5,NA,NA,NA
W2300870,F1,2023,F,3,2-5,F1-2023-F,30.59,4.26,6.95,NA,NA
M2300871,F1,2023,M,3,2-5,F1-2023-M,26.62,1.81,NA,NA,NA
W2300872,F1,2023,F,3,2-5,F1-2023-F,18.81,3.91,NA,1,F1-2024
M2300873,F2,2023,M,1,2-5,F2-2023-M,38.36,2.83,NA,NA,NA
W2300874,F1,2023,F,1,2-5,F1-2023-F,33.75,4.06,NA,2,F1-2024
W2300875,F2,2023,F,2,2-5,F2-2023-F,32.84,1.69,NA,NA,NA
W2300876,F2,2023,F,2,2-5,F2-2023-F,32.55,2.8,NA,NA,NA
W2300877,F1,2023,F,1,2-5,F1-2023-F,36.28,5.42,NA,NA,NA
W2300878,F2,2023,F,2,2-5,F2-2023-F,30.59,2.29,NA,NA,NA
W2300879,F2,2023,F,2,2-5,F2-2023-F,25.86,2.56,NA,NA,NA
M2300880,F1,2023,M,1,2-5,F1-2023-M,28.2,1.83,6.101,NA,NA
M2300881,F2,2023,M,1,2-5,F2-2023-M,35.35,NA,7.907,NA,NA
W2300882,F1,2023,F,1,2-5,F1-2023-F,31.43,4.33,5.543,NA,NA
M2300883,F2,2023,M,2,2-5,F2-2023-M,36.86,0.95,NA,NA,NA
W2300884,F2,2023,F,2,2-5,F2-2023-F,26.73,1.94,5.651,2,F2-2024
M2300885,F1,2023,M,1,2-5,F1-2023-M,32.9,NA,NA,NA,NA
W2300886,F1,2023,F,2,2-5,F1-2023-F,28.92,3.0,4.885,3,F1-2024
M2300887,F1,2023,M,2,2-5,F1-2023-M,25.01,NA,7.183,NA,NA
M2300888,F2,2023,M,1,2-5,F2-2023-M,38.13,NA,NA,NA,NA
M2300889,F2,2023,M,1,2-5,F2-2023-M,40.22,NA,6.134,NA,NA
M2300890,F2,2023,M,2,2-5,F2-2023-M,31.35,0.59,3.951,NA,NA
M2300891,F2,2023,M,2,2-5,F2-2023-M,37.19,1.43,6.169,NA,NA
M2300892,F1,2023,M,3,2-5,F1-2023-M,19.91,NA,NA,NA,NA
W2300893,F1,2023,F,3,2-5,F1-2023-F,26.98,3.66,NA,NA,NA
W2300894,F1,2023,F,3,2-5,F1-2023-F,31.19,3.62,5.127,2,F1-2024
W2300895,F2,2023,F,2,2-5,F2-2023-F,29.72,2.9,6.504,2,F2-2024
W2300896,F2,2023,F,2,2-5,F2-2023-F,23.8,NA,6.597,1,F2-2024
M2300897,F1,2023,M,1,2-5,F1-2023-M,27.56,1.4,5.594,NA,NA
M2300898,F1,2023,M,2,2-5,F1-2023-M,31.43,NA,5.114,NA,NA
W2300899,F1,2023,F,2,2-5,F1-2023-F,32.6,2.3,5.668,NA,NA
M2300900,F1,2023,M,3,2-5,F1-2023-M,24.24,NA,6.266,NA,NA
W2300901,F1,2023,F,3,2-5,F1-2023-F,21.69,NA,7.047,1,F1-2024
M2300902,F1,2023,M,3,2-5,F1-2023-M,25.94,NA,NA,NA,NA
W2300903,F2,2023,F,1,2-5,F2-2023-F,33.31,1.46,NA,NA,NA
W2300904,F1,2023,F,2,2-5,F1-2023-F,28.56,2.96,NA,NA,NA
M2300905,F1,2023,M,2,2-5,F1-2023-M,24.31,3.58,6.802,NA,NA
W2300906,F2,2023,F,1,2-5,F2-2023-F,38.36,3.05,NA,NA,NA
M2300907,F2,2023,M,1,2-5,F2-2023-M,39.79,NA,4.816,NA,NA
M2300908,F2,2023,M,1,2-5,F2-2023-M,35.9,NA,6.272,NA,NA
W2300909,F2,2023,F,1,2-5,F2-2023-F,34.52,2.49,5.786,2,F2-2024
M2300910,F2,2023,M,1,2-5,F2-2023-M,37.42,3.08,6.98,NA,NA
W2300911,F1,2023,F,2,2-5,F1-2023-F,28.71,3.31,7.475,NA,NA
M2300912,F1,2023,M,2,2-5,F1-2023-M,24.53,3.57,NA,NA,NA
W2300913,F1,2023,F,2,2-5,F1-2023-F,26.29,1.98,NA,2,F1-2024
M2300914,F1,2023,M,2,2-5,F1-2023-M,25.55,NA,6.553,NA,NA
M2300915,F2,2023,M,2,2-5,F2-2023-M,27.92,1.31,NA,NA,NA
M2300916,F2,2023,M,2,2-5,F2-2023-M,33.16,1.24,NA,NA,NA
M2300917,F2,2023,M,2,2-5,F2-2023-M,28.72,1.78,6.857,NA,NA
M2300918,F2,2023,M,2,2-5,F2-2023-M,34.24,NA,NA,NA,NA
W2300919,F1,2023,F,1,2-5,F1-2023-F,22.55,4.26,NA,1,F1-2024
M2300920,F1,2023,M,1,2-5,F1-2023-M,32.37,2.51,NA,NA,NA
M2300921,F1,2023,M,2,2-5,F1-2023-M,24.7,NA,7.168,NA,NA
W2300922,F1,2023,F,2,2-5,F1-2023-F,34.59,3.98,NA,NA,NA
W2300923,F2,2023,F,1,2-5,F2-2023-F,36.4,NA,5.679,2,F2-2024
M2300924,F1,2023,M,2,2-5,F1-2023-M,26.36,0.85,7.67,NA,NA
W2300925,F1,2023,F,2,2-5,F1-2023-F,28.15,3.46,5.203,NA,NA
W2300926,F2,2023,F,1,2-5,F2-2023-F,34.29,NA,NA,2,F2-2024
W2300927,F2,2023,F,1,2-5,F2-2023-F,36.83,3.83,6.446,NA,NA
W2300928,F1,2023,F,2,2-5,F1-2023-F,25.91,NA,3.91,NA,NA
M2300929,F1,2023,M,2,2-5,F1-2023-M,28.38,2.3,NA,NA,NA
W2300930,F1,2023,F,1,2-5,F1-2023-F,29.11,NA,6.532,1,F1-2024
W2300931,F2,2023,F,1,2-5,F2-2023-F,32.0,NA,5.256,1,F2-2024
M2300932,F2,2023,M,1,2-5,F2-2023-M,30.09,NA,NA,NA,NA
W2300933,F1,2023,F,2,2-5,F1-2023-F,30.84,3.88,NA,3,F1-2024
M2300934,F1,2023,M,2,2-5,F1-2023-M,26.99,NA,NA,NA,NA
M2300935,F2,2023,M,2,2-5,F2-2023-M,28.66,NA,6.117,NA,NA
W2300936,F2,2023,F,2,2-5,F2-2023-F,31.12,3.65,NA,NA,NA
W2300937,F2,2023,F,1,2-5,F2-2023-F,36.45,NA,7.698,1,F2-2024
M2300938,F2,2023,M,2,2-5,F2-2023-M,30.23,2.59,7.098,NA,NA
M2300939,F2,2023,M,2,2-5,F2-2023-M,39.3,NA,4.719,NA,NA
M2300940,F1,2023,M,2,2-5,F1-2023-M,25.53,2.87,5.904,NA,NA
W2300941,F1,2023,F,2,2-5,F1-2023-F,23.61,2.02,4.58,NA,NA
M2300942,F2,2023,M,1,2-5,F2-2023-M,42.21,NA,5.374,NA,NA
W2300943,F2,2023,F,1,2-5,F2-2023-F,34.29,NA,7.453,NA,NA
M2300944,F1,2023,M,3,2-5,F1-2023-M,24.81,NA,NA,NA,NA
M2300945,F1,2023,M,3,2-5,F1-2023-M,22.22,3.11,NA,NA,NA
M2300946,F1,2023,M,3,2-5,F1-2023-M,31.76,NA,NA,NA,NA
M2300947,F2,2023,M,2,2-5,F2-2023-M,40.88,NA,NA,NA,NA
M2300948,F2,2023,M,2,2-5,F2-2023-M,32.19,1.89,5.853,NA,NA
W2300949,F1,2023,F,2,2-5,F1-2023-F,30.13,4.05,NA,NA,NA
W2300950,F1,2023,F,2,2-5,F1-2023-F,35.47,4.43,5.701,NA,NA
W2300951,F1,2023,F,2,2-5,F1-2023-F,27.25,3.76,5.5,NA,NA
M2300952,F1,2023,M,2,2-5,F1-2023-M,27.93,1.99,7.931,NA,NA
M2300953,F1,2023,M,1,2-5,F1-2023-M,31.62,2.6,NA,NA,NA
M2300954,F2,2023,M,1,2-5,F2-2023-M,31.72,2.68,NA,NA,NA
M2300955,F1,2023,M,1,2-5,F1-2023-M,29.93,NA,NA,NA,NA
W2300956,F1,2023,F,3,2-5,F1-2023-F,30.26,2.86,NA,1,F1-2024
W2300957,F1,2023,F,3,2-5,F1-2023-F,24.88,NA,4.624,NA,NA
M2300958,F1,2023,M,3,2-5,F1-2023-M,30.46,NA,6.0,NA,NA
M2300959,F2,2023,M,2,2-5,F2-2023-M,31.69,0.54,NA,NA,NA
M2300960,F2,2023,M,2,2-5,F2-2023-M,35.62,2.44,NA,NA,NA
M2300961,F2,2023,M,1,2-5,F2-2023-M,41.89,4.4,5.777,NA,NA
W2300962,F2,2023,F,1,1,F2-2023-F,35.39,2.43,5.874,NA,NA
M2300963,F1,2023,M,1,1,F1-2023-M,21.97,1.91,NA,NA,NA
M2300964,F2,2023,M,2,1,F2-2023-M,24.2,1.62,4.164,NA,NA
W2300965,F2,2023,F,2,1,F2-2023-F,31.48,3.3,NA,2,F2-2024
M2300966,F2,2023,M,1,1,F2-2023-M,30.86,NA,6.134,NA,NA
W2300967,F1,2023,F,1,1,F1-2023-F,34.16,2.95,4.982,NA,NA
M2300968,F1,2023,M,2,1,F1-2023-M,29.78,3.22,8.164,NA,NA
W2300969,F1,2023,F,2,1,F1-2023-F,15.62,2.04,NA,NA,NA
W2300970,F2,2023,F,3,1,F2-2023-F,25.87,1.12,NA,NA,NA
M2300971,F2,2023,M,3,1,F2-2023-M,35.48,NA,NA,NA,NA
W2300972,F2,2023,F,3,1,F2-2023-F,28.4,NA,NA,NA,NA
W2300973,F1,2023,F,2,1,F1-2023-F,23.24,2.25,4.26,NA,NA
W2300974,F1,2023,F,2,1,F1-2023-F,24.36,NA,NA,NA,NA
M2300975,F2,2023,M,1,1,F2-2023-M,37.93,2.58,NA,NA,NA
W2300976,F2,2023,F,1,1,F2-2023-F,35.52,NA,9.83,1,F2-2024
M2300977,F2,2023,M,2,1,F2-2023-M,29.28,1.09,NA,NA,NA
W2300978,F2,2023,F,2,1,F2-2023-F,31.33,NA,NA,NA,NA
M2300979,F1,2023,M,1,1,F1-2023-M,28.2,1.77,5.718,NA,NA
W2300980,F2,2023,F,2,1,F2-2023-F,31.37,2.99,6.42,1,F2-2024
M2300981,F2,2023,M,2,1,F2-2023-M,34.47,1.27,NA,NA,NA
W2300982,F1,2023,F,2,1,F1-2023-F,28.18,4.28,NA,NA,NA
M2300983,F1,2023,M,2,1,F1-2023-M,30.24,NA,NA,NA,NA
W2300984,F2,2023,F,1,1,F2-2023-F,32.9,3.45,NA,NA,NA
W2300985,F1,2023,F,1,1,F1-2023-F,23.29,NA,5.63,2,F1-2024
W2300986,F2,2023,F,2,1,F2-2023-F,26.04,NA,7.077,NA,NA
W2300987,F2,2023,F,2,1,F2-2023-F,35.88,3.42,5.495,2,F2-2024
M2300988,F2,2023,M,3,1,F2-2023-M,27.19,2.53,NA,NA,NA
M2300989,F2,2023,M,3,1,F2-2023-M,26.66,1.85,3.754,NA,NA
M2300990,F2,2023,M,3,1,F2-2023-M,24.66,1.7,6.027,NA,NA
W2300991,F2,2023,F,1,1,F2-2023-F,38.33,2.84,7.667,NA,NA
M2300992,F2,2023,M,1,1,F2-2023-M,35.77,2.22,NA,NA,NA
W2300993,F2,2023,F,1,1,F2-2023-F,32.98,NA,NA,3,F2-2024
M2300994,F2,2023,M,1,1,F2-2023-M,31.43,2.15,7.322,NA,NA
W2300995,F2,2023,F,1,1,F2-2023-F,29.51,NA,NA,NA,NA
M2300996,F1,2023,M,2,1,F1-2023-M,30.13,NA,4.719,NA,NA
W2300997,F1,2023,F,2,1,F1-2023-F,26.6,3.77,NA,NA,NA
W2300998,F1,2023,F,2,1,F1-2023-F,26.29,3.77,NA,1,F1-2024
W2300999,F1,2023,F,2,1,F1-2023-F,28.48,NA,7.54,1,F1-2024
W2301000,F1,2023,F,1,1,F1-2023-F,31.34,4.6,7.013,NA,NA
M2301001,F2,2023,M,2,1,F2-2023-M,30.8,NA,NA,NA,NA
W2301002,F2,2023,F,2,1,F2-2023-F,30.91,2.54,6.191,1,F2-2024
M2301003,F1,2023,M,2,1,F1-2023-M,28.39,NA,NA,NA,NA
M2301004,F1,2023,M,2,1,F1-2023-M,27.13,NA,5.226,NA,NA
M2301005,F2,2023,M,1,1,F2-2023-M,36.19,NA,NA,NA,NA
W2301006,F2,2023,F,1,1,F2-2023-F,26.16,2.85,4.405,NA,NA
M2301007,F1,2023,M,2,1,F1-2023-M,16.62,NA,5.587,NA,NA
M2301008,F1,2023,M,2,1,F1-2023-M,22.59,2.36,5.288,NA,NA
M2301009,F2,2023,M,1,1,F2-2023-M,35.24,2.87,NA,NA,NA
M2301010,F1,2023,M,1,1,F1-2023-M,35.44,3.01,7.711,NA,NA
W2301011,F1,2023,F,1,1,F1-2023-F,27.93,NA,6.306,1,F1-2024
W2301012,F1,2023,F,2,1,F1-2023-F,28.75,NA,NA,1,F1-2024
M2301013,F1,2023,M,2,1,F1-2023-M,25.63,3.14,NA,NA,NA
M2301014,F1,2023,M,2,1,F1-2023-M,19.92,NA,5.715,NA,NA
W2301015,F1,2023,F,2,1,F1-2023-F,26.41,2.94,NA,2,F1-2024
M2301016,F2,2023,M,1,1,F2-2023-M,31.49,1.94,6.126,NA,NA
M2301017,F2,2023,M,2,1,F2-2023-M,31.49,NA,6.787,NA,NA
M2301018,F2,2023,M,2,1,F2-2023-M,35.15,3.31,NA,NA,NA
W2301019,F2,2023,F,1,1,F2-2023-F,28.2,2.93,4.296,NA,NA
M2301020,F2,2023,M,2,1,F2-2023-M,34.9,NA,7.065,NA,NA
M2301021,F2,2023,M,2,1,F2-2023-M,28.41,NA,NA,NA,NA
W2301022,F1,2023,F,1,1,F1-2023-F,28.24,2.79,NA,2,F1-2024
M2301023,F2,2023,M,1,1,F2-2023-M,35.7,NA,5.619,NA,NA
M2301024,F1,2023,M,1,1,F1-2023-M,29.12,2.77,6.325,NA,NA
W2301025,F2,2023,F,2,1,F2-2023-F,29.34,3.58,4.909,NA,NA
M2301026,F2,2023,M,2,1,F2-2023-M,35.39,2.35,3.78,NA,NA
W2301027,F2,2023,F,2,1,F2-2023-F,28.17,4.29,6.763,1,F2-2024
W2301028,F2,2023,F,2,1,F2-2023-F,29.54,NA,NA,2,F2-2024
M2301029,F2,2023,M,2,1,F2-2023-M,29.49,2.7,NA,NA,NA
W2301030,F2,2023,F,2,1,F2-2023-F,27.41,1.36,NA,1,F2-2024
W2301031,F2,2023,F,1,1,F2-2023-F,30.24,3.46,NA,NA,NA
M2301032,F2,2023,M,1,1,F2-2023-M,36.07,1.64,NA,NA,NA
M2301033,F2,2023,M,2,1,F2-2023-M,28.31,2.26,NA,NA,NA
M2301034,F2,2023,M,2,1,F2-2023-M,29.85,NA,6.503,NA,NA
M2301035,F1,2023,M,2,1,F1-2023-M,23.37,NA,NA,NA,NA
M2301036,F1,2023,M,2,1,F1-2023-M,24.77,2.87,5.919,NA,NA
M2301037,F1,2023,M,2,1,F1-2023-M,23.13,3.02,NA,NA,NA
W2301038,F1,2023,F,2,1,F1-2023-F,32.9,NA,6.499,NA,NA
M2301039,F2,2023,M,1,1,F2-2023-M,33.81,NA,NA,NA,NA
W2301040,F2,2023,F,1,1,F2-2023-F,36.75,3.62,NA,NA,NA
W2301041,F1,2023,F,2,1,F1-2023-F,28.12,NA,NA,3,F1-2024
M2301042,F1,2023,M,2,1,F1-2023-M,24.02,NA,5.049,NA,NA
W2301043,F2,2023,F,1,1,F2-2023-F,36.47,3.43,NA,1,F2-2024
M2301044,F2,2023,M,1,1,F2-2023-M,37.01,1.32,6.43,NA,NA
M2301045,F2,2023,M,1,1,F2-2023-M,37.98,3.31,6.526,NA,NA
W2301046,F1,2023,F,1,1,F1-2023-F,23.45,NA,NA,1,F1-2024
W2301047,F1,2023,F,2,1,F1-2023-F,31.99,NA,5.943,NA,NA
M2301048,F1,2023,M,2,1,F1-2023-M,27.35,NA,3.969,NA,NA
M2301049,F1,2023,M,2,1,F1-2023-M,31.71,NA,NA,NA,NA
M2301050,F1,2023,M,2,1,F1-2023-M,28.04,2.32,5.588,NA,NA
M2301051,F2,2023,M,1,1,F2-2023-M,28.83,NA,8.839,NA,NA
W2301052,F2,2023,F,1,1,F2-2023-F,39.98,4.31,9.185,1,F2-2024
W2401053,F1,2024,F,1,6+,F1-2024-F,28.66,NA,NA,NA,NA
W2401054,F2,2024,F,1,2-5,F2-2024-F,21.79,2.39,NA,NA,NA
M2401055,F1,2024,M,1,6+,F1-2024-M,38.01,3.56,4.103,NA,NA
M2401056,F2,2024,M,2,2-5,F2-2024-M,29.35,NA,4.453,NA,NA
M2401057,F2,2024,M,2,2-5,F2-2024-M,24.59,2.13,7.143,NA,NA
M2401058,F2,2024,M,2,2-5,F2-2024-M,33.35,2.21,NA,NA,NA
W2401059,F2,2024,F,2,2-5,F2-2024-F,26.8,NA,6.124,NA,NA
M2401060,F2,2024,M,1,2-5,F2-2024-M,32.5,2.25,6.111,NA,NA
M2401061,F2,2024,M,2,2-5,F2-2024-M,27.68,1.49,NA,NA,NA
M2401062,F2,2024,M,2,2-5,F2-2024-M,25.1,NA,NA,NA,NA
M2401063,F2,2024,M,1,2-5,F2-2024-M,28.23,2.46,NA,NA,NA
W2401064,F2,2024,F,1,2-5,F2-2024-F,24.5,3.04,NA,NA,NA
M2401065,F1,2024,M,1,6+,F1-2024-M,35.91,NA,4.348,NA,NA
M2401066,F2,2024,M,1,2-5,F2-2024-M,30.96,NA,7.258,NA,NA
W2401067,F2,2024,F,2,2-5,F2-2024-F,23.22,NA,9.097,2,F2-2025
W2401068,F2,2024,F,2,2-5,F2-2024-F,21.49,2.62,NA,NA,NA
M2401069,F1,2024,M,1,6+,F1-2024-M,37.34,4.13,NA,NA,NA
W2401070,F2,2024,F,1,2-5,F2-2024-F,41.34,NA,NA,2,F2-2025
M2401071,F2,2024,M,1,2-5,F2-2024-M,31.27,NA,NA,NA,NA
W2401072,F2,2024,F,3,2-5,F2-2024-F,25.44,3.0,NA,1,F2-2025
M2401073,F2,2024,M,3,2-5,F2-2024-M,24.35,1.37,NA,NA,NA
W2401074,F2,2024,F,3,2-5,F2-2024-F,27.16,NA,5.788,1,F2-2025
W2401075,F2,2024,F,1,2-5,F2-2024-F,27.7,NA,NA,NA,NA
W2401076,F2,2024,F,1,2-5,F2-2024-F,30.66,2.29,7.685,NA,NA
M2401077,F1,2024,M,1,6+,F1-2024-M,44.67,NA,NA,NA,NA
M2401078,F2,2024,M,2,2-5,F2-2024-M,28.2,NA,NA,NA,NA
W2401079,F2,2024,F,2,2-5,F2-2024-F,25.99,2.34,NA,1,F2-2025
W2401080,F1,2024,F,2,6+,F1-2024-F,30.8,4.17,7.471,NA,NA
M2401081,F1,2024,M,2,6+,F1-2024-M,41.76,4.24,NA,NA,NA
M2401082,F2,2024,M,1,2-5,F2-2024-M,32.11,NA,NA,NA,NA
W2401083,F1,2024,F,1,6+,F1-2024-F,35.87,3.02,2.559,NA,NA
M2401084,F2,2024,M,1,2-5,F2-2024-M,21.48,NA,6.209,NA,NA
M2401085,F2,2024,M,1,2-5,F2-2024-M,33.85,3.38,NA,NA,NA
W2401086,F1,2024,F,1,6+,F1-2024-F,36.73,3.87,NA,1,F1-2025
W2401087,F1,2024,F,1,6+,F1-2024-F,41.78,NA,NA,NA,NA
W2401088,F1,2024,F,1,6+,F1-2024-F,27.87,NA,6.052,NA,NA
M2401089,F1,2024,M,2,6+,F1-2024-M,39.5,NA,NA,NA,NA
W2401090,F1,2024,F,2,6+,F1-2024-F,28.8,NA,NA,1,F1-2025
M2401091,F2,2024,M,1,2-5,F2-2024-M,33.92,1.62,NA,NA,NA
W2401092,F2,2024,F,3,2-5,F2-2024-F,22.83,2.38,6.192,NA,NA
M2401093,F2,2024,M,3,2-5,F2-2024-M,26.48,NA,6.615,NA,NA
M2401094,F2,2024,M,3,2-5,F2-2024-M,23.28,2.15,5.347,NA,NA
W2401095,F1,2024,F,2,6+,F1-2024-F,26.42,3.76,6.553,2,F1-2025
M2401096,F1,2024,M,2,6+,F1-2024-M,33.79,1.7,6.151,NA,NA
W2401097,F2,2024,F,2,2-5,F2-2024-F,26.76,3.62,NA,2,F2-2025
M2401098,F2,2024,M,2,2-5,F2-2024-M,35.54,NA,NA,NA,NA
M2401099,F1,2024,M,2,6+,F1-2024-M,33.25,3.53,4.773,NA,NA
M2401100,F1,2024,M,2,6+,F1-2024-M,39.87,3.51,NA,NA,NA
W2401101,F1,2024,F,2,6+,F1-2024-F,32.9,NA,NA,2,F1-2025
M2401102,F1,2024,M,2,6+,F1-2024-M,35.27,2.4,NA,NA,NA
W2401103,F2,2024,F,2,2-5,F2-2024-F,29.77,3.74,7.397,1,F2-2025
M2401104,F2,2024,M,2,2-5,F2-2024-M,27.93,NA,5.465,NA,NA
M2401105,F1,2024,M,2,6+,F1-2024-M,29.66,NA,4.441,NA,NA
W2401106,F1,2024,F,2,6+,F1-2024-F,32.12,2.93,NA,NA,NA
M2401107,F1,2024,M,2,6+,F1-2024-M,37.14,2.88,NA,NA,NA
W2401108,F1,2024,F,2,6+,F1-2024-F,31.16,4.01,NA,NA,NA
W2401109,F2,2024,F,2,2-5,F2-2024-F,27.11,3.32,NA,NA,NA
W2401110,F2,2024,F,2,2-5,F2-2024-F,26.48,NA,6.612,NA,NA
M2401111,F1,2024,M,2,6+,F1-2024-M,32.53,NA,NA,NA,NA
M2401112,F1,2024,M,2,6+,F1-2024-M,31.53,0.57,NA,NA,NA
M2401113,F2,2024,M,2,2-5,F2-2024-M,28.84,NA,NA,NA,NA
W2401114,F2,2024,F,2,2-5,F2-2024-F,21.07,1.64,5.878,NA,NA
W2401115,F1,2024,F,2,6+,F1-2024-F,23.66,NA,5.13,NA,NA
M2401116,F1,2024,M,2,6+,F1-2024-M,31.46,NA,4.452,NA,NA
M2401117,F2,2024,M,2,2-5,F2-2024-M,36.47,4.26,7.446,NA,NA
W2401118,F2,2024,F,2,2-5,F2-2024-F,35.97,NA,6.372,NA,NA
M2401119,F2,2024,M,2,2-5,F2-2024-M,25.09,2.23,NA,NA,NA
M2401120,F2,2024,M,2,2-5,F2-2024-M,32.27,NA,6.453,NA,NA
M2401121,F1,2024,M,2,6+,F1-2024-M,46.32,NA,4.791,NA,NA
W2401122,F1,2024,F,2,6+,F1-2024-F,36.28,3.72,8.281,NA,NA
W2401123,F2,2024,F,3,2-5,F2-2024-F,27.23,2.78,5.223,NA,NA
W2401124,F2,2024,F,3,2-5,F2-2024-F,21.54,NA,6.473,NA,NA
M2401125,F2,2024,M,3,2-5,F2-2024-M,29.62,NA,6.353,NA,NA
M2401126,F1,2024,M,2,6+,F1-2024-M,39.89,2.72,3.106,NA,NA
W2401127,F1,2024,F,2,6+,F1-2024-F,29.73,4.1,NA,NA,NA
W2401128,F1,2024,F,1,6+,F1-2024-F,28.27,3.79,NA,1,F1-2025
W2401129,F2,2024,F,2,2-5,F2-2024-F,29.19,NA,NA,NA,NA
W2401130,F2,2024,F,2,2-5,F2-2024-F,28.42,NA,NA,NA,NA
W2401131,F1,2024,F,1,6+,F1-2024-F,31.34,4.86,5.49,1,F1-2025
M2401132,F1,2024,M,1,6+,F1-2024-M,39.1,NA,5.162,NA,NA
W2401133,F2,2024,F,1,2-5,F2-2024-F,23.75,NA,NA,1,F2-2025
M2401134,F1,2024,M,2,6+,F1-2024-M,38.51,1.99,NA,NA,NA
M2401135,F1,2024,M,2,6+,F1-2024-M,31.23,NA,5.712,NA,NA
M2401136,F2,2024,M,1,2-5,F2-2024-M,33.65,NA,6.444,NA,NA
W2401137,F2,2024,F,1,2-5,F2-2024-F,28.19,2.09,NA,NA,NA
W2401138,F2,2024,F,2,2-5,F2-2024-F,23.78,2.9,6.786,NA,NA
W2401139,F2,2024,F,2,2-5,F2-2024-F,28.25,3.25,NA,NA,NA
W2401140,F1,2024,F,2,6+,F1-2024-F,33.98,4.68,6.761,NA,NA
W2401141,F1,2024,F,2,6+,F1-2024-F,24.7,4.32,NA,1,F1-2025
W2401142,F2,2024,F,1,2-5,F2-2024-F,32.08,NA,6.957,NA,NA
W2401143,F2,2024,F,1,2-5,F2-2024-F,32.66,4.19,NA,NA,NA
W2401144,F1,2024,F,1,6+,F1-2024-F,28.62,2.7,6.43,NA,NA
W2401145,F2,2024,F,1,2-5,F2-2024-F,29.24,NA,NA,3,F2-2025
W2401146,F1,2024,F,1,6+,F1-2024-F,28.6,2.99,5.726,NA,NA
W2401147,F1,2024,F,2,6+,F1-2024-F,25.33,2.33,NA,NA,NA
M2401148,F1,2024,M,2,6+,F1-2024-M,36.9,2.8,NA,NA,NA
M2401149,F2,2024,M,2,2-5,F2-2024-M,27.67,2.48,6.254,NA,NA
M2401150,F2,2024,M,2,2-5,F2-2024-M,27.41,2.11,NA,NA,NA
W2401151,F1,2024,F,1,6+,F1-2024-F,37.46,5.16,NA,NA,NA
M2401152,F2,2024,M,2,2-5,F2-2024-M,22.36,2.58,NA,NA,NA
W2401153,F2,2024,F,2,2-5,F2-2024-F,26.12,NA,NA,NA,NA
M2401154,F1,2024,M,2,6+,F1-2024-M,38.95,NA,4.951,NA,NA
W2401155,F1,2024,F,2,6+,F1-2024-F,35.01,4.86,NA,2,F1-2025
W2401156,F2,2024,F,2,2-5,F2-2024-F,28.66,1.75,NA,NA,NA
M2401157,F2,2024,M,2,2-5,F2-2024-M,24.16,1.54,5.678,NA,NA
W2401158,F1,2024,F,1,6+,F1-2024-F,37.12,NA,6.251,NA,NA
W2401159,F2,2024,F,1,2-5,F2-2024-F,26.26,2.7,7.524,2,F2-2025
W2401160,F1,2024,F,2,6+,F1-2024-F,36.64,NA,NA,NA,NA
M2401161,F1,2024,M,2,6+,F1-2024-M,38.13,2.39,3.538,NA,NA
W2401162,F2,2024,F,1,2-5,F2-2024-F,22.94,NA,6.901,NA,NA
M2401163,F2,2024,M,2,2-5,F2-2024-M,30.7,2.98,NA,NA,NA
W2401164,F2,2024,F,2,2-5,F2-2024-F,30.52,3.41,NA,NA,NA
M2401165,F1,2024,M,3,6+,F1-2024-M,32.16,3.23,NA,NA,NA
W2401166,F1,2024,F,3,6+,F1-2024-F,29.13,5.34,6.693,NA,NA
W2401167,F1,2024,F,3,6+,F1-2024-F,27.74,3.84,NA,1,F1-2025
M2401168,F2,2024,M,2,2-5,F2-2024-M,30.67,1.0,NA,NA,NA
W2401169,F2,2024,F,2,2-5,F2-2024-F,29.5,NA,7.492,1,F2-2025
W2401170,F1,2024,F,3,6+,F1-2024-F,22.67,NA,NA,NA,NA
M2401171,F1,2024,M,3,6+,F1-2024-M,36.6,NA,5.156,NA,NA
W2401172,F1,2024,F,3,6+,F1-2024-F,24.7,NA,NA,2,F1-2025
M2401173,F1,2024,M,1,6+,F1-2024-M,37.74,2.49,NA,NA,NA
W2401174,F2,2024,F,1,2-5,F2-2024-F,36.03,2.47,NA,NA,NA
M2401175,F1,2024,M,2,6+,F1-2024-M,45.52,NA,NA,NA,NA
W2401176,F1,2024,F,2,6+,F1-2024-F,30.91,NA,NA,NA,NA
M2401177,F2,2024,M,2,2-5,F2-2024-M,31.47,NA,7.072,NA,NA
W2401178,F2,2024,F,2,2-5,F2-2024-F,276.9,NA,NA,2,F2-2025
W2401179,F1,2024,F,2,6+,F1-2024-F,34.27,4.77,6.759,3,F1-2025
W2401180,F1,2024,F,2,6+,F1-2024-F,33.0,3.19,NA,NA,NA
M2401181,F2,2024,M,2,2-5,F2-2024-M,33.34,1.75,6.189,NA,NA
W2401182,F2,2024,F,2,2-5,F2-2024-F,22.44,1.57,NA,NA,NA
M2401183,F1,2024,M,1,6+,F1-2024-M,36.55,3.95,3.459,NA,NA
W2401184,F2,2024,F,1,2-5,F2-2024-F,26.72,2.14,NA,NA,NA
M2401185,F1,2024,M,1,6+,F1-2024-M,36.34,3.47,NA,NA,NA
M2401186,F2,2024,M,2,2-5,F2-2024-M,31.16,3.42,8.874,NA,NA
M2401187,F2,2024,M,2,2-5,F2-2024-M,30.87,1.7,6.956,NA,NA
W2401188,F1,2024,F,1,6+,F1-2024-F,36.51,NA,NA,2,F1-2025
M2401189,F2,2024,M,2,2-5,F2-2024-M,34.95,1.6,NA,NA,NA
M2401190,F2,2024,M,2,2-5,F2-2024-M,30.3,NA,6.353,NA,NA
W2401191,F1,2024,F,2,6+,F1-2024-F,27.46,5.47,NA,NA,NA
M2401192,F1,2024,M,2,6+,F1-2024-M,32.09,1.37,4.326,NA,NA
W2401193,F1,2024,F,2,6+,F1-2024-F,33.55,NA,6.163,NA,NA
M2401194,F1,2024,M,2,6+,F1-2024-M,33.59,2.01,7.266,NA,NA
M2401195,F2,2024,M,1,2-5,F2-2024-M,30.28,1.92,6.87,NA,NA
M2401196,F2,2024,M,2,2-5,F2-2024-M,33.23,2.86,NA,NA,NA
W2401197,F2,2024,F,2,2-5,F2-2024-F,34.87,3.55,8.777,NA,NA
M2401198,F1,2024,M,1,6+,F1-2024-M,38.31,3.71,6.377,NA,NA
M2401199,F1,2024,M,2,6+,F1-2024-M,31.76,NA,NA,NA,NA
M2401200,F1,2024,M,2,6+,F1-2024-M,35.59,4.23,NA,NA,NA
M2401201,F2,2024,M,2,2-5,F2-2024-M,30.41,2.91,5.535,NA,NA
M2401202,F2,2024,M,2,2-5,F2-2024-M,35.41,2.82,5.228,NA,NA
M2401203,F1,2024,M,2,6+,F1-2024-M,38.04,1.84,NA,NA,NA
W2401204,F1,2024,F,2,6+,F1-2024-F,31.51,NA,5.063,NA,NA
M2401205,F1,2024,M,2,6+,F1-2024-M,41.94,2.21,3.778,NA,NA
M2401206,F1,2024,M,2,6+,F1-2024-M,36.92,2.59,NA,NA,NA
W2401207,F2,2024,F,2,2-5,F2-2024-F,14.69,2.3,6.985,NA,NA
M2401208,F2,2024,M,2,2-5,F2-2024-M,28.71,NA,6.967,NA,NA
M2401209,F1,2024,M,1,6+,F1-2024-M,29.14,NA,NA,NA,NA
W2401210,F2,2024,F,2,2-5,F2-2024-F,27.78,2.03,NA,NA,NA
M2401211,F2,2024,M,2,2-5,F2-2024-M,32.61,3.99,6.555,NA,NA
M2401212,F2,2024,M,1,2-5,F2-2024-M,37.83,NA,6.234,NA,NA
M2401213,F1,2024,M,2,6+,F1-2024-M,41.24,2.61,NA,NA,NA
M2401214,F1,2024,M,2,6+,F1-2024-M,29.97,NA,6.098,NA,NA
W2401215,F2,2024,F,1,2-5,F2-2024-F,32.22,3.88,NA,NA,NA
W2401216,F1,2024,F,1,6+,F1-2024-F,30.17,NA,NA,NA,NA
W2401217,F1,2024,F,1,6+,F1-2024-F,31.84,3.43,5.26,NA,NA
M2401218,F2,2024,M,1,2-5,F2-2024-M,31.29,NA,NA,NA,NA
W2401219,F1,2024,F,1,6+,F1-2024-F,43.25,3.92,5.512,NA,NA
M2401220,F1,2024,M,2,6+,F1-2024-M,41.03,3.85,5.472,NA,NA
W2401221,F1,2024,F,2,6+,F1-2024-F,32.63,4.79,9.241,2,F1-2025
W2401222,F2,2024,F,2,2-5,F2-2024-F,30.1,2.83,8.409,1,F2-2025
M2401223,F2,2024,M,2,2-5,F2-2024-M,26.57,NA,NA,NA,NA
M2401224,F1,2024,M,1,6+,F1-2024-M,41.35,NA,NA,NA,NA
M2401225,F2,2024,M,2,2-5,F2-2024-M,30.53,1.84,NA,NA,NA
M2401226,F2,2024,M,2,2-5,F2-2024-M,31.72,2.84,NA,NA,NA
M2401227,F1,2024,M,2,6+,F1-2024-M,40.09,NA,4.055,NA,NA
W2401228,F1,2024,F,2,6+,F1-2024-F,25.11,3.05,5.803,NA,NA
W2401229,F2,2024,F,1,2-5,F2-2024-F,29.19,NA,NA,NA,NA
M2401230,F1,2024,M,1,6+,F1-2024-M,40.9,1.82,7.707,NA,NA
W2401231,F1,2024,F,1,6+,F1-2024-F,31.73,3.43,NA,NA,NA
W2401232,F2,2024,F,2,2-5,F2-2024-F,23.54,NA,5.687,NA,NA
M2401233,F2,2024,M,2,2-5,F2-2024-M,37.11,2.44,NA,NA,NA
M2401234,F1,2024,M,2,6+,F1-2024-M,35.86,NA,4.887,NA,NA
M2401235,F1,2024,M,2,6+,F1-2024-M,40.32,1.89,6.082,NA,NA
W2401236,F1,2024,F,3,6+,F1-2024-F,21.74,3.42,NA,1,F1-2025
M2401237,F1,2024,M,3,6+,F1-2024-M,27.73,1.86,NA,NA,NA
W2401238,F1,2024,F,3,6+,F1-2024-F,24.64,3.02,5.523,2,F1-2025
W2401239,F2,2024,F,1,2-5,F2-2024-F,34.52,3.53,NA,NA,NA
M2401240,F2,2024,M,1,2-5,F2-2024-M,34.89,NA,7.073,NA,NA
M2401241,F1,2024,M,1,2-5,F1-2024-M,33.05,2.41,5.748,NA,NA
M2401242,F2,2024,M,2,2-5,F2-2024-M,31.69,NA,NA,NA,NA
W2401243,F2,2024,F,2,2-5,F2-2024-F,19.71,1.33,NA,NA,NA
W2401244,F1,2024,F,2,2-5,F1-2024-F,33.12,3.79,6.984,3,F1-2025
W2401245,F1,2024,F,2,2-5,F1-2024-F,32.36,4.24,5.983,NA,NA
W2401246,F1,2024,F,2,2-5,F1-2024-F,37.19,4.64,6.781,NA,NA
W2401247,F1,2024,F,2,2-5,F1-2024-F,30.27,NA,5.589,1,F1-2025
W2401248,F1,2024,F,1,2-5,F1-2024-F,38.56,4.01,6.522,NA,NA
W2401249,F1,2024,F,3,2-5,F1-2024-F,25.7,3.45,4.243,NA,NA
M2401250,F1,2024,M,3,2-5,F1-2024-M,34.41,NA,NA,NA,NA
M2401251,F1,2024,M,3,2-5,F1-2024-M,37.0,3.17,6.107,NA,NA
W2401252,F2,2024,F,1,2-5,F2-2024-F,35.46,2.44,5.601,NA,NA
W2401253,F2,2024,F,2,2-5,F2-2024-F,28.71,1.49,NA,1,F2-2025
W2401254,F2,2024,F,2,2-5,F2-2024-F,30.52,NA,8.971,NA,NA
W2401255,F2,2024,F,2,2-5,F2-2024-F,28.34,NA,NA,NA,NA
W2401256,F2,2024,F,2,2-5,F2-2024-F,31.8,2.87,NA,NA,NA
W2401257,F2,2024,F,1,2-5,F2-2024-F,38.16,2.27,NA,NA,NA
M2401258,F2,2024,M,1,2-5,F2-2024-M,28.67,3.06,NA,NA,NA
W2401259,F1,2024,F,2,2-5,F1-2024-F,28.62,NA,NA,1,F1-2025
M2401260,F1,2024,M,2,2-5,F1-2024-M,33.01,NA,NA,NA,NA
W2401261,F1,2024,F,1,2-5,F1-2024-F,30.59,NA,5.246,NA,NA
W2401262,F2,2024,F,2,2-5,F2-2024-F,31.72,2.64,NA,1,F2-2025
M2401263,F2,2024,M,2,2-5,F2-2024-M,31.18,1.68,8.108,NA,NA
W2401264,F1,2024,F,1,2-5,F1-2024-F,38.05,3.64,4.325,NA,NA
W2401265,F1,2024,F,2,2-5,F1-2024-F,35.96,3.34,5.692,NA,NA
W2401266,F1,2024,F,2,2-5,F1-2024-F,33.92,4.59,4.62,NA,NA
W2401267,F2,2024,F,2,2-5,F2-2024-F,36.45,2.21,NA,NA,NA
W2401268,F2,2024,F,2,2-5,F2-2024-F,19.43,NA,7.388,1,F2-2025
W2401269,F1,2024,F,2,2-5,F1-2024-F,30.12,4.65,3.78,1,F1-2025
M2401270,F1,2024,M,2,2-5,F1-2024-M,37.74,NA,6.029,NA,NA
M2401271,F2,2024,M,1,2-5,F2-2024-M,34.88,NA,9.227,NA,NA
M2401272,F2,2024,M,2,2-5,F2-2024-M,31.83,NA,NA,NA,NA
W2401273,F2,2024,F,2,2-5,F2-2024-F,22.54,NA,NA,NA,NA
M2401274,F1,2024,M,2,2-5,F1-2024-M,34.71,NA,4.092,NA,NA
W2401275,F1,2024,F,2,2-5,F1-2024-F,30.55,NA,4.674,NA,NA
M2401276,F2,2024,M,1,2-5,F2-2024-M,32.49,NA,NA,NA,NA
M2401277,F1,2024,M,3,2-5,F1-2024-M,34.61,2.29,6.644,NA,NA
W2401278,F1,2024,F,3,2-5,F1-2024-F,24.48,3.01,NA,3,F1-2025
W2401279,F1,2024,F,3,2-5,F1-2024-F,25.07,3.5,4.088,NA,NA
W2401280,F2,2024,F,1,2-5,F2-2024-F,33.63,3.6,9.322,2,F2-2025
W2401281,F1,2024,F,2,2-5,F1-2024-F,31.43,3.13,5.465,NA,NA
W2401282,F1,2024,F,2,2-5,F1-2024-F,31.83,NA,NA,NA,NA
W2401283,F2,2024,F,1,2-5,F2-2024-F,36.55,NA,NA,2,F2-2025
M2401284,F1,2024,M,2,2-5,F1-2024-M,32.21,4.25,4.213,NA,NA
W2401285,F1,2024,F,2,2-5,F1-2024-F,33.67,NA,8.335,1,F1-2025
M2401286,F2,2024,M,2,2-5,F2-2024-M,33.82,3.91,7.257,NA,NA
M2401287,F2,2024,M,2,2-5,F2-2024-M,28.44,NA,NA,NA,NA
W2401288,F1,2024,F,1,2-5,F1-2024-F,38.89,NA,NA,2,F1-2025
W2401289,F1,2024,F,1,2-5,F1-2024-F,37.0,4.51,NA,NA,NA
W2401290,F1,2024,F,1,2-5,F1-2024-F,37.8,NA,NA,NA,NA
W2401291,F2,2024,F,2,2-5,F2-2024-F,23.22,2.21,6.022,2,F2-2025
M2401292,F2,2024,M,2,2-5,F2-2024-M,23.94,1.28,5.557,NA,NA
M2401293,F2,2024,M,3,2-5,F2-2024-M,21.19,NA,4.503,NA,NA
W2401294,F2,2024,F,3,2-5,F2-2024-F,25.5,NA,NA,NA,NA
M2401295,F2,2024,M,3,2-5,F2-2024-M,24.58,NA,5.453,NA,NA
W2401296,F2,2024,F,1,2-5,F2-2024-F,29.63,3.41,6.619,NA,NA
M2401297,F1,2024,M,2,2-5,F1-2024-M,37.63,3.47,NA,NA,NA
M2401298,F1,2024,M,2,2-5,F1-2024-M,35.81,NA,NA,NA,NA
M2401299,F2,2024,M,2,2-5,F2-2024-M,27.72,NA,NA,NA,NA
W2401300,F2,2024,F,2,2-5,F2-2024-F,33.66,3.3,7.537,NA,NA
W2401301,F2,2024,F,2,2-5,F2-2024-F,30.24,4.14,7.24,1,F2-2025
W2401302,F2,2024,F,2,2-5,F2-2024-F,31.94,3.74,7.473,2,F2-2025
W2401303,F1,2024,F,2,2-5,F1-2024-F,33.06,2.66,NA,NA,NA
M2401304,F1,2024,M,2,2-5,F1-2024-M,38.68,2.06,4.488,NA,NA
M2401305,F1,2024,M,2,2-5,F1-2024-M,36.09,NA,NA,NA,NA
M2401306,F1,2024,M,2,2-5,F1-2024-M,40.48,4.34,4.409,NA,NA
W2401307,F2,2024,F,2,2-5,F2-2024-F,27.08,2.16,7.464,NA,NA
M2401308,F2,2024,M,2,2-5,F2-2024-M,33.51,NA,NA,NA,NA
M2401309,F1,2024,M,2,2-5,F1-2024-M,36.13,NA,4.623,NA,NA
W2401310,F1,2024,F,2,2-5,F1-2024-F,23.29,4.1,NA,NA,NA
M2401311,F2,2024,M,1,2-5,F2-2024-M,29.67,2.54,6.002,NA,NA
M2401312,F2,2024,M,1,2-5,F2-2024-M,42.25,4.44,7.127,NA,NA
W2401313,F2,2024,F,1,2-5,F2-2024-F,31.29,3.32,NA,2,F2-2025
W2401314,F1,2024,F,1,2-5,F1-2024-F,30.52,NA,NA,2,F1-2025
W2401315,F2,2024,F,1,2-5,F2-2024-F,28.41,2.87,6.081,NA,NA
W2401316,F1,2024,F,1,2-5,F1-2024-F,22.39,NA,6.333,2,F1-2025
W2401317,F2,2024,F,1,2-5,F2-2024-F,28.64,3.25,NA,NA,NA
M2401318,F1,2024,M,2,2-5,F1-2024-M,35.42,2.98,NA,NA,NA
W2401319,F1,2024,F,2,2-5,F1-2024-F,28.88,NA,NA,NA,NA
M2401320,F2,2024,M,2,2-5,F2-2024-M,30.99,NA,NA,NA,NA
M2401321,F2,2024,M,2,2-5,F2-2024-M,35.18,1.89,NA,NA,NA
W2401322,F2,2024,F,2,2-5,F2-2024-F,28.2,2.86,6.829,NA,NA
M2401323,F2,2024,M,2,2-5,F2-2024-M,33.79,NA,7.544,NA,NA
M2401324,F2,2024,M,1,2-5,F2-2024-M,39.7,NA,5.316,NA,NA
M2401325,F2,2024,M,3,2-5,F2-2024-M,30.65,NA,NA,NA,NA
M2401326,F2,2024,M,3,2-5,F2-2024-M,24.05,NA,NA,NA,NA
M2401327,F2,2024,M,3,2-5,F2-2024-M,33.16,NA,7.362,NA,NA
W2401328,F2,2024,F,1,2-5,F2-2024-F,23.33,1.98,7.267,1,F2-2025
M2401329,F2,2024,M,1,2-5,F2-2024-M,36.39,3.13,NA,NA,NA
M2401330,F1,2024,M,2,2-5,F1-2024-M,32.57,NA,NA,NA,NA
M2401331,F1,2024,M,2,2-5,F1-2024-M,41.09,2.91,5.738,NA,NA
W2401332,F1,2024,F,2,2-5,F1-2024-F,29.1,2.44,NA,NA,NA
M2401333,F1,2024,M,2,2-5,F1-2024-M,42.63,NA,NA,NA,NA
W2401334,F1,2024,F,2,2-5,F1-2024-F,25.5,NA,5.441,NA,NA
W2401335,F1,2024,F,2,2-5,F1-2024-F,31.06,5.07,6.883,3,F1-2025
M2401336,F2,2024,M,1,2-5,F2-2024-M,39.52,1.64,NA,NA,NA
W2401337,F1,2024,F,2,2-5,F1-2024-F,28.63,4.49,7.55,1,F1-2025
M2401338,F1,2024,M,2,2-5,F1-2024-M,41.34,3.47,4.489,NA,NA
W2401339,F2,2024,F,2,2-5,F2-2024-F,21.57,NA,5.965,1,F2-2025
M2401340,F2,2024,M,2,2-5,F2-2024-M,32.62,2.27,5.496,NA,NA
M2401341,F2,2024,M,1,2-5,F2-2024-M,39.81,2.92,NA,NA,NA
W2401342,F1,2024,F,1,2-5,F1-2024-F,29.44,NA,6.162,NA,NA
W2401343,F2,2024,F,2,2-5,F2-2024-F,30.7,1.27,NA,NA,NA
W2401344,F2,2024,F,2,2-5,F2-2024-F,25.96,2.75,NA,1,F2-2025
W2401345,F1,2024,F,1,2-5,F1-2024-F,30.66,4.36,NA,1,F1-2025
W2401346,F1,2024,F,1,2-5,F1-2024-F,32.6,NA,6.517,NA,NA
M2401347,F1,2024,M,2,2-5,F1-2024-M,32.4,NA,3.596,NA,NA
W2401348,F1,2024,F,2,2-5,F1-2024-F,27.09,NA,3.368,NA,NA
M2401349,F1,2024,M,1,2-5,F1-2024-M,37.67,1.84,NA,NA,NA
M2401350,F2,2024,M,1,2-5,F2-2024-M,34.15,NA,7.025,NA,NA
W2401351,F2,2024,F,1,2-5,F2-2024-F,32.51,NA,9.004,NA,NA
W2401352,F2,2024,F,1,2-5,F2-2024-F,37.95,NA,6.361,NA,NA
M2401353,F2,2024,M,2,2-5,F2-2024-M,25.93,2.47,6.402,NA,NA
W2401354,F2,2024,F,2,2-5,F2-2024-F,24.35,2.06,6.046,NA,NA
M2401355,F1,2024,M,1,2-5,F1-2024-M,37.83,NA,5.533,NA,NA
W2401356,F1,2024,F,2,2-5,F1-2024-F,24.87,4.12,NA,NA,NA
W2401357,F1,2024,F,2,2-5,F1-2024-F,24.61,4.01,5.337,NA,NA
W2401358,F2,2024,F,1,2-5,F2-2024-F,32.65,3.18,NA,NA,NA
M2401359,F2,2024,M,2,2-5,F2-2024-M,32.77,2.03,NA,NA,NA
W2401360,F2,2024,F,2,2-5,F2-2024-F,26.89,1.01,NA,NA,NA
W2401361,F2,2024,F,2,2-5,F2-2024-F,28.52,NA,NA,NA,NA
W2401362,F2,2024,F,2,2-5,F2-2024-F,21.61,1.99,NA,NA,NA
W2401363,F2,2024,F,2,2-5,F2-2024-F,34.13,NA,8.375,NA,NA
W2401364,F2,2024,F,2,2-5,F2-2024-F,24.51,NA,NA,NA,NA
W2401365,F1,2024,F,2,2-5,F1-2024-F,23.64,3.38,5.052,NA,NA
M2401366,F1,2024,M,2,2-5,F1-2024-M,34.14,2.07,4.846,NA,NA
M2401367,F1,2024,M,2,2-5,F1-2024-M,35.99,2.78,NA,NA,NA
W2401368,F1,2024,F,2,2-5,F1-2024-F,32.18,4.44,NA,NA,NA
M2401369,F2,2024,M,1,2-5,F2-2024-M,30.02,NA,NA,NA,NA
W2401370,F1,2024,F,2,2-5,F1-2024-F,28.43,NA,5.947,NA,NA
W2401371,F1,2024,F,2,2-5,F1-2024-F,36.51,3.99,5.926,1,F1-2025
W2401372,F2,2024,F,3,2-5,F2-2024-F,22.42,NA,NA,NA,NA
W2401373,F2,2024,F,3,2-5,F2-2024-F,18.93,2.31,NA,NA,NA
M2401374,F2,2024,M,3,2-5,F2-2024-M,20.01,0.41,NA,NA,NA
W2401375,F2,2024,F,2,2-5,F2-2024-F,28.01,NA,6.982,NA,NA
M2401376,F2,2024,M,2,2-5,F2-2024-M,29.97,2.97,5.661,NA,NA
M2401377,F1,2024,M,2,2-5,F1-2024-M,41.4,3.5,4.461,NA,NA
W2401378,F1,2024,F,2,2-5,F1-2024-F,32.9,NA,NA,NA,NA
W2401379,F1,2024,F,2,2-5,F1-2024-F,28.04,3.14,5.358,NA,NA
M2401380,F1,2024,M,2,2-5,F1-2024-M,38.7,3.32,3.274,NA,NA
M2401381,F2,2024,M,2,2-5,F2-2024-M,24.65,NA,6.576,NA,NA
W2401382,F2,2024,F,2,2-5,F2-2024-F,23.37,3.72,NA,NA,NA
W2401383,F2,2024,F,1,1,F2-2024-F,33.11,NA,NA,NA,NA
W2401384,F1,2024,F,1,1,F1-2024-F,31.68,3.16,NA,2,F1-2025
W2401385,F2,2024,F,2,1,F2-2024-F,29.17,NA,NA,NA,NA
W2401386,F2,2024,F,2,1,F2-2024-F,23.61,NA,8.004,NA,NA
M2401387,F2,2024,M,2,1,F2-2024-M,27.72,NA,NA,NA,NA
M2401388,F2,2024,M,2,1,F2-2024-M,31.12,1.33,8.202,NA,NA
M2401389,F2,2024,M,1,1,F2-2024-M,23.92,NA,6.651,NA,NA
M2401390,F1,2024,M,1,1,F1-2024-M,40.09,3.98,NA,NA,NA
W2401391,F2,2024,F,1,1,F2-2024-F,34.75,2.9,5.738,NA,NA
W2401392,F1,2024,F,2,1,F1-2024-F,24.11,NA,NA,2,F1-2025
W2401393,F1,2024,F,2,1,F1-2024-F,25.05,3.77,NA,NA,NA
W2401394,F1,2024,F,2,1,F1-2024-F,31.97,NA,5.684,NA,NA
M2401395,F1,2024,M,2,1,F1-2024-M,37.5,NA,6.071,NA,NA
M2401396,F2,2024,M,1,1,F2-2024-M,31.14,3.21,5.132,NA,NA
W2401397,F1,2024,F,1,1,F1-2024-F,36.57,6.78,7.021,2,F1-2025
W2401398,F1,2024,F,2,1,F1-2024-F,27.21,NA,5.257,NA,NA
M2401399,F1,2024,M,2,1,F1-2024-M,35.62,2.82,4.941,NA,NA
M2401400,F2,2024,M,2,1,F2-2024-M,22.45,1.26,4.382,NA,NA
M2401401,F2,2024,M,2,1,F2-2024-M,29.58,1.47,6.22,NA,NA
W2401402,F1,2024,F,1,1,F1-2024-F,27.66,NA,NA,NA,NA
W2401403,F2,2024,F,3,1,F2-2024-F,23.91,NA,NA,NA,NA
W2401404,F2,2024,F,3,1,F2-2024-F,27.08,3.78,5.735,NA,NA
M2401405,F2,2024,M,3,1,F2-2024-M,30.61,NA,NA,NA,NA
M2401406,F1,2024,M,1,1,F1-2024-M,37.49,3.56,4.657,NA,NA
M2401407,F2,2024,M,2,1,F2-2024-M,28.97,2.49,NA,NA,NA
W2401408,F2,2024,F,2,1,F2-2024-F,28.09,NA,8.072,NA,NA
M2401409,F2,2024,M,2,1,F2-2024-M,22.37,NA,5.248,NA,NA
W2401410,F2,2024,F,2,1,F2-2024-F,26.8,NA,7.223,2,F2-2025
M2401411,F1,2024,M,1,1,F1-2024-M,41.5,3.11,NA,NA,NA
M2401412,F2,2024,M,2,1,F2-2024-M,28.53,NA,6.843,NA,NA
W2401413,F2,2024,F,2,1,F2-2024-F,33.57,2.58,NA,NA,NA
W2401414,F1,2024,F,2,1,F1-2024-F,30.58,4.34,5.744,1,F1-2025
W2401415,F1,2024,F,2,1,F1-2024-F,27.6,3.04,NA,2,F1-2025
M2401416,F2,2024,M,1,1,F2-2024-M,27.4,NA,6.659,NA,NA
M2401417,F2,2024,M,1,1,F2-2024-M,31.39,NA,6.202,NA,NA
W2401418,F2,2024,F,1,1,F2-2024-F,34.7,1.91,8.292,2,F2-2025
W2401419,F2,2024,F,1,1,F2-2024-F,33.93,NA,NA,1,F2-2025
M2401420,F2,2024,M,2,1,F2-2024-M,28.32,1.09,NA,NA,NA
M2401421,F2,2024,M,2,1,F2-2024-M,33.87,NA,NA,NA,NA
M2401422,F2,2024,M,2,1,F2-2024-M,29.19,2.77,5.716,NA,NA
W2401423,F2,2024,F,2,1,F2-2024-F,28.57,NA,NA,2,F2-2025
W2401424,F2,2024,F,3,1,F2-2024-F,22.19,2.07,6.444,1,F2-2025
W2401425,F2,2024,F,3,1,F2-2024-F,20.47,NA,NA,NA,NA
M2401426,F2,2024,M,3,1,F2-2024-M,24.59,1.75,7.729,NA,NA
M2401427,F2,2024,M,2,1,F2-2024-M,30.11,2.24,5.914,NA,NA
W2401428,F2,2024,F,2,1,F2-2024-F,27.79,NA,NA,1,F2-2025
W2401429,F2,2024,F,3,1,F2-2024-F,23.23,2.23,NA,1,F2-2025
M2401430,F2,2024,M,3,1,F2-2024-M,23.36,1.3,7.779,NA,NA
W2401431,F2,2024,F,3,1,F2-2024-F,26.86,2.7,NA,NA,NA
W2401432,F1,2024,F,2,1,F1-2024-F,29.97,4.5,5.825,NA,NA
W2401433,F1,2024,F,2,1,F1-2024-F,26.31,3.47,5.784,NA,NA
M2401434,F1,2024,M,1,1,F1-2024-M,37.62,3.51,NA,NA,NA
W2401435,F1,2024,F,2,1,F1-2024-F,26.77,3.66,NA,NA,NA
W2401436,F1,2024,F,2,1,F1-2024-F,24.66,NA,NA,NA,NA
W2401437,F2,2024,F,2,1,F2-2024-F,28.2,2.51,7.876,NA,NA
W2401438,F2,2024,F,2,1,F2-2024-F,24.48,0.6,5.951,3,F2-2025
M2401439,F1,2024,M,3,1,F1-2024-M,31.08,3.01,4.615,NA,NA
W2401440,F1,2024,F,3,1,F1-2024-F,25.79,2.83,4.04,NA,NA
M2401441,F1,2024,M,3,1,F1-2024-M,39.21,NA,NA,NA,NA
M2401442,F1,2024,M,2,1,F1-2024-M,35.55,2.93,3.455,NA,NA
M2401443,F1,2024,M,2,1,F1-2024-M,36.84,3.07,NA,NA,NA
W2401444,F2,2024,F,2,1,F2-2024-F,25.11,2.81,6.649,NA,NA
M2401445,F2,2024,M,2,1,F2-2024-M,28.84,1.92,5.506,NA,NA
M2401446,F2,2024,M,1,1,F2-2024-M,31.47,NA,NA,NA,NA
W2401447,F1,2024,F,1,1,F1-2024-F,30.1,NA,5.897,NA,NA
W2401448,F2,2024,F,2,1,F2-2024-F,25.46,3.2,NA,NA,NA
M2401449,F2,2024,M,2,1,F2-2024-M,20.63,NA,8.584,NA,NA
W2401450,F1,2024,F,2,1,F1-2024-F,26.34,3.08,NA,NA,NA
M2401451,F1,2024,M,2,1,F1-2024-M,36.54,2.03,3.563,NA,NA
M2401452,F1,2024,M,1,1,F1-2024-M,38.93,3.86,3.291,NA,NA
M2401453,F2,2024,M,2,1,F2-2024-M,25.27,NA,6.077,NA,NA
W2401454,F2,2024,F,2,1,F2-2024-F,31.69,NA,NA,2,F2-2025
W2401455,F2,2024,F,2,1,F2-2024-F,30.92,2.58,4.478,NA,NA
W2401456,F2,2024,F,2,1,F2-2024-F,26.81,4.03,NA,NA,NA
M2401457,F1,2024,M,1,1,F1-2024-M,41.38,3.7,3.124,NA,NA
W2401458,F2,2024,F,1,1,F2-2024-F,27.34,NA,NA,1,F2-2025
W2401459,F1,2024,F,3,1,F1-2024-F,34.36,4.26,NA,NA,NA
W2401460,F1,2024,F,3,1,F1-2024-F,23.74,NA,NA,NA,NA
W2401461,F1,2024,F,3,1,F1-2024-F,27.86,NA,NA,NA,NA
W2401462,F2,2024,F,1,1,F2-2024-F,24.24,1.73,3.952,NA,NA
W2401463,F1,2024,F,1,1,F1-2024-F,34.34,NA,NA,NA,NA
W2401464,F2,2024,F,2,1,F2-2024-F,26.62,2.84,7.537,NA,NA
W2401465,F2,2024,F,2,1,F2-2024-F,28.8,3.31,NA,NA,NA
W2401466,F2,2024,F,1,1,F2-2024-F,31.28,3.32,4.43,1,F2-2025
W2401467,F2,2024,F,1,1,F2-2024-F,34.83,3.97,NA,NA,NA
M2401468,F1,2024,M,2,1,F1-2024-M,37.66,NA,5.793,NA,NA
W2401469,F1,2024,F,2,1,F1-2024-F,25.06,2.72,NA,2,F1-2025
W2401470,F2,2024,F,2,1,F2-2024-F,34.88,1.67,NA,NA,NA
M2401471,F2,2024,M,2,1,F2-2024-M,31.03,1.9,NA,NA,NA
M2401472,F2,2024,M,3,1,F2-2024-M,27.84,NA,NA,NA,NA
W2401473,F2,2024,F,3,1,F2-2024-F,23.64,NA,NA,NA,NA
M2401474,F2,2024,M,3,1,F2-2024-M,22.15,NA,5.977,NA,NA
W2401475,F1,2024,F,1,1,F1-2024-F,32.33,5.33,5.604,NA,NA
W2401476,F1,2024,F,1,1,F1-2024-F,30.09,NA,6.336,NA,NA
W2401477,F2,2024,F,1,1,F2-2024-F,28.91,2.54,NA,NA,NA
W2401478,F1,2024,F,1,1,F1-2024-F,32.59,5.31,6.664,1,F1-2025
M2401479,F1,2024,M,1,1,F1-2024-M,39.74,2.32,5.206,NA,NA
M2401480,F1,2024,M,2,1,F1-2024-M,35.55,2.19,6.457,NA,NA
M2401481,F1,2024,M,2,1,F1-2024-M,35.3,2.04,6.179,NA,NA
W2401482,F1,2024,F,2,1,F1-2024-F,31.45,4.96,5.305,NA,NA
W2401483,F1,2024,F,2,1,F1-2024-F,33.42,NA,NA,NA,NA
M2401484,F2,2024,M,1,1,F2-2024-M,28.13,3.05,5.332,NA,NA
M2401485,F2,2024,M,2,1,F2-2024-M,31.44,2.41,7.899,NA,NA
M2401486,F2,2024,M,2,1,F2-2024-M,28.79,2.95,NA,NA,NA
M2401487,F2,2024,M,1,1,F2-2024-M,37.19,2.3,NA,NA,NA
M2401488,F1,2024,M,3,1,F1-2024-M,34.42,NA,NA,NA,NA
W2401489,F1,2024,F,3,1,F1-2024-F,23.88,3.19,NA,2,F1-2025
W2401490,F1,2024,F,3,1,F1-2024-F,27.75,NA,6.271,NA,NA
W2401491,F2,2024,F,1,1,F2-2024-F,26.53,1.32,7.957,NA,NA
W2401492,F1,2024,F,1,1,F1-2024-F,35.1,NA,NA,NA,NA
W2401493,F2,2024,F,1,1,F2-2024-F,37.43,3.65,7.216,NA,NA
W2501494,F2,2025,F,2,6+,F2-2025-F,26.73,NA,6.289,NA,NA
M2501495,F2,2025,M,2,6+,F2-2025-M,29.22,1.13,NA,NA,NA
W2501496,F2,2025,F,2,6+,F2-2025-F,23.23,1.98,9.213,NA,NA
W2501497,F2,2025,F,2,6+,F2-2025-F,25.27,3.02,NA,NA,NA
M2501498,F2,2025,M,2,6+,F2-2025-M,24.99,NA,7.157,NA,NA
M2501499,F2,2025,M,2,6+,F2-2025-M,19.67,2.17,NA,NA,NA
M2501500,F2,2025,M,1,6+,F2-2025-M,37.0,3.11,5.967,NA,NA
W2501501,F2,2025,F,1,6+,F2-2025-F,31.28,NA,6.926,NA,NA
M2501502,F2,2025,M,1,6+,F2-2025-M,35.75,1.93,5.989,NA,NA
M2501503,F2,2025,M,1,6+,F2-2025-M,22.41,NA,NA,NA,NA
W2501504,F2,2025,F,2,6+,F2-2025-F,24.3,3.33,5.315,NA,NA
M2501505,F2,2025,M,2,6+,F2-2025-M,27.09,NA,5.482,NA,NA
M2501506,F2,2025,M,1,6+,F2-2025-M,32.87,2.74,NA,NA,NA
W2501507,F2,2025,F,1,6+,F2-2025-F,26.25,2.24,6.556,NA,NA
W2501508,F2,2025,F,1,6+,F2-2025-F,31.58,2.28,3.428,NA,NA
M2501509,F2,2025,M,3,6+,F2-2025-M,29.91,NA,4.131,NA,NA
M2501510,F2,2025,M,3,6+,F2-2025-M,26.45,1.83,6.015,NA,NA
M2501511,F2,2025,M,3,6+,F2-2025-M,26.73,2.26,NA,NA,NA
M2501512,F2,2025,M,1,6+,F2-2025-M,36.93,NA,NA,NA,NA
W2501513,F2,2025,F,2,6+,F2-2025-F,28.17,NA,6.351,NA,NA
M2501514,F2,2025,M,2,6+,F2-2025-M,28.59,3.21,5.98,NA,NA
W2501515,F2,2025,F,2,6+,F2-2025-F,27.1,3.03,NA,NA,NA
W2501516,F2,2025,F,2,6+,F2-2025-F,23.49,NA,6.24,NA,NA
W2501517,F2,2025,F,2,6+,F2-2025-F,26.32,NA,NA,NA,NA
W2501518,F2,2025,F,2,6+,F2-2025-F,28.95,4.21,6.641,NA,NA
W2501519,F2,2025,F,1,6+,F2-2025-F,26.48,2.87,8.506,NA,NA
W2501520,F2,2025,F,1,6+,F2-2025-F,29.6,NA,NA,NA,NA
M2501521,F2,2025,M,2,6+,F2-2025-M,32.92,2.72,NA,NA,NA
M2501522,F2,2025,M,2,6+,F2-2025-M,28.71,NA,6.459,NA,NA
M2501523,F2,2025,M,2,6+,F2-2025-M,27.41,NA,6.703,NA,NA
M2501524,F2,2025,M,2,6+,F2-2025-M,27.25,4.08,NA,NA,NA
M2501525,F2,2025,M,2,6+,F2-2025-M,27.24,NA,5.608,NA,NA
M2501526,F2,2025,M,2,6+,F2-2025-M,25.33,4.14,NA,NA,NA
M2501527,F2,2025,M,2,6+,F2-2025-M,30.71,3.32,NA,NA,NA
W2501528,F2,2025,F,2,6+,F2-2025-F,20.8,NA,4.633,NA,NA
M2501529,F2,2025,M,1,6+,F2-2025-M,27.59,1.69,5.735,NA,NA
W2501530,F2,2025,F,1,6+,F2-2025-F,35.6,NA,6.179,NA,NA
M2501531,F2,2025,M,1,6+,F2-2025-M,35.86,4.15,NA,NA,NA
M2501532,F2,2025,M,1,6+,F2-2025-M,35.57,2.57,NA,NA,NA
W2501533,F2,2025,F,2,6+,F2-2025-F,22.33,NA,NA,NA,NA
M2501534,F2,2025,M,2,6+,F2-2025-M,30.26,1.94,5.88,NA,NA
M2501535,F2,2025,M,1,6+,F2-2025-M,31.37,2.82,5.606,NA,NA
M2501536,F2,2025,M,1,6+,F2-2025-M,27.72,NA,6.641,NA,NA
W2501537,F2,2025,F,2,6+,F2-2025-F,28.03,NA,5.254,NA,NA
W2501538,F2,2025,F,2,6+,F2-2025-F,30.08,NA,NA,NA,NA
M2501539,F2,2025,M,1,6+,F2-2025-M,31.61,2.04,NA,NA,NA
M2501540,F2,2025,M,2,6+,F2-2025-M,32.61,4.68,6.95,NA,NA
W2501541,F2,2025,F,2,6+,F2-2025-F,23.93,2.12,4.608,NA,NA
W2501542,F2,2025,F,1,6+,F2-2025-F,26.52,2.6,NA,NA,NA
M2501543,F2,2025,M,1,6+,F2-2025-M,27.05,2.0,7.088,NA,NA
M2501544,F2,2025,M,2,6+,F2-2025-M,34.58,NA,6.485,NA,NA
W2501545,F2,2025,F,2,6+,F2-2025-F,24.86,1.28,4.971,NA,NA
W2501546,F2,2025,F,1,6+,F2-2025-F,23.98,2.73,6.712,NA,NA
W2501547,F2,2025,F,2,6+,F2-2025-F,24.52,2.06,7.6,NA,NA
M2501548,F2,2025,M,2,6+,F2-2025-M,22.93,NA,NA,NA,NA
M2501549,F2,2025,M,1,6+,F2-2025-M,32.82,4.14,NA,NA,NA
M2501550,F2,2025,M,1,6+,F2-2025-M,28.66,2.11,3.769,NA,NA
W2501551,F2,2025,F,1,6+,F2-2025-F,34.13,3.82,8.367,NA,NA
M2501552,F2,2025,M,2,6+,F2-2025-M,31.07,NA,5.547,NA,NA
M2501553,F2,2025,M,2,6+,F2-2025-M,31.66,2.57,NA,NA,NA
W2501554,F2,2025,F,2,6+,F2-2025-F,28.82,3.69,NA,NA,NA
M2501555,F2,2025,M,2,6+,F2-2025-M,30.47,2.87,4.458,NA,NA
M2501556,F2,2025,M,3,6+,F2-2025-M,30.37,4.64,7.17,NA,NA
M2501557,F2,2025,M,3,6+,F2-2025-M,30.53,NA,7.17,NA,NA
M2501558,F2,2025,M,3,6+,F2-2025-M,29.97,3.56,NA,NA,NA
W2501559,F2,2025,F,1,6+,F2-2025-F,23.93,1.68,7.666,NA,NA
M2501560,F2,2025,M,2,6+,F2-2025-M,33.32,2.51,5.158,NA,NA
W2501561,F2,2025,F,2,6+,F2-2025-F,26.03,1.55,4.547,NA,NA
W2501562,F2,2025,F,2,6+,F2-2025-F,31.26,2.75,6.434,NA,NA
W2501563,F2,2025,F,2,6+,F2-2025-F,26.22,3.72,NA,NA,NA
M2501564,F2,2025,M,1,6+,F2-2025-M,37.74,3.6,NA,NA,NA
M2501565,F2,2025,M,1,6+,F2-2025-M,29.88,NA,NA,NA,NA
W2501566,F2,2025,F,2,6+,F2-2025-F,33.5,2.12,NA,NA,NA
M2501567,F2,2025,M,2,6+,F2-2025-M,32.53,2.64,5.56,NA,NA
M2501568,F2,2025,M,2,6+,F2-2025-M,27.78,NA,5.746,NA,NA
W2501569,F2,2025,F,2,6+,F2-2025-F,20.35,NA,NA,NA,NA
W2501570,F2,2025,F,2,6+,F2-2025-F,27.8,3.31,NA,NA,NA
M2501571,F2,2025,M,2,6+,F2-2025-M,33.01,2.07,6.732,NA,NA
W2501572,F2,2025,F,2,6+,F2-2025-F,28.6,2.58,5.534,NA,NA
M2501573,F2,2025,M,2,6+,F2-2025-M,18.7,0.55,NA,NA,NA
M2501574,F2,2025,M,1,2-5,F2-2025-M,39.98,NA,NA,NA,NA
W2501575,F1,2025,F,1,2-5,F1-2025-F,32.16,NA,NA,NA,NA
M2501576,F2,2025,M,3,2-5,F2-2025-M,24.38,2.8,NA,NA,NA
M2501577,F2,2025,M,3,2-5,F2-2025-M,40.8,4.93,7.323,NA,NA
W2501578,F2,2025,F,3,2-5,F2-2025-F,26.63,3.85,6.77,NA,NA
M2501579,F1,2025,M,2,2-5,F1-2025-M,30.86,NA,NA,NA,NA
M2501580,F1,2025,M,2,2-5,F1-2025-M,31.36,3.02,NA,NA,NA
W2501581,F1,2025,F,2,2-5,F1-2025-F,27.45,2.6,6.215,NA,NA
W2501582,F1,2025,F,2,2-5,F1-2025-F,33.99,NA,NA,NA,NA
W2501583,F1,2025,F,2,2-5,F1-2025-F,30.28,NA,5.396,NA,NA
M2501584,F1,2025,M,2,2-5,F1-2025-M,36.82,NA,NA,NA,NA
M2501585,F1,2025,M,1,2-5,F1-2025-M,33.13,2.86,4.953,NA,NA
W2501586,F2,2025,F,2,2-5,F2-2025-F,28.86,NA,9.955,NA,NA
W2501587,F2,2025,F,2,2-5,F2-2025-F,27.17,2.89,7.33,NA,NA
M2501588,F2,2025,M,2,2-5,F2-2025-M,32.14,2.64,NA,NA,NA
W2501589,F2,2025,F,2,2-5,F2-2025-F,21.71,NA,5.755,NA,NA
M2501590,F2,2025,M,2,2-5,F2-2025-M,30.74,3.23,6.295,NA,NA
W2501591,F2,2025,F,2,2-5,F2-2025-F,22.33,NA,NA,NA,NA
W2501592,F2,2025,F,1,2-5,F2-2025-F,27.58,4.2,NA,NA,NA
W2501593,F1,2025,F,1,2-5,F1-2025-F,30.87,2.82,4.451,NA,NA
M2501594,F1,2025,M,1,2-5,F1-2025-M,32.78,3.31,NA,NA,NA
M2501595,F2,2025,M,1,2-5,F2-2025-M,30.06,NA,8.007,NA,NA
M2501596,F1,2025,M,1,2-5,F1-2025-M,35.05,NA,7.349,NA,NA
M2501597,F1,2025,M,1,2-5,F1-2025-M,35.52,NA,5.157,NA,NA
W2501598,F2,2025,F,1,2-5,F2-2025-F,25.46,2.97,6.574,NA,NA
W2501599,F1,2025,F,2,2-5,F1-2025-F,23.27,2.28,3.976,NA,NA
M2501600,F1,2025,M,2,2-5,F1-2025-M,29.62,3.84,NA,NA,NA
M2501601,F2,2025,M,1,2-5,F2-2025-M,30.29,3.75,7.301,NA,NA
M2501602,F1,2025,M,2,2-5,F1-2025-M,25.69,3.17,6.708,NA,NA
M2501603,F1,2025,M,2,2-5,F1-2025-M,29.87,NA,NA,NA,NA
W2501604,F2,2025,F,2,2-5,F2-2025-F,25.13,2.17,NA,NA,NA
M2501605,F2,2025,M,2,2-5,F2-2025-M,26.59,NA,4.99,NA,NA
M2501606,F1,2025,M,1,2-5,F1-2025-M,36.15,3.31,6.978,NA,NA
M2501607,F2,2025,M,1,2-5,F2-2025-M,32.73,1.47,6.06,NA,NA
M2501608,F1,2025,M,2,2-5,F1-2025-M,35.22,NA,6.265,NA,NA
M2501609,F1,2025,M,2,2-5,F1-2025-M,25.08,1.85,NA,NA,NA
W2501610,F2,2025,F,2,2-5,F2-2025-F,24.95,2.98,NA,NA,NA
W2501611,F2,2025,F,2,2-5,F2-2025-F,23.97,2.09,NA,NA,NA
M2501612,F1,2025,M,3,2-5,F1-2025-M,31.06,3.88,NA,NA,NA
M2501613,F1,2025,M,3,2-5,F1-2025-M,28.83,NA,NA,NA,NA
W2501614,F1,2025,F,3,2-5,F1-2025-F,33.74,NA,NA,NA,NA
W2501615,F2,2025,F,1,2-5,F2-2025-F,29.03,2.18,7.009,NA,NA
W2501616,F1,2025,F,2,2-5,F1-2025-F,34.15,2.67,7.195,NA,NA
M2501617,F1,2025,M,2,2-5,F1-2025-M,33.04,3.08,6.623,NA,NA
M2501618,F2,2025,M,2,2-5,F2-2025-M,36.04,NA,4.315,NA,NA
M2501619,F2,2025,M,2,2-5,F2-2025-M,32.68,2.72,5.54,NA,NA
W2501620,F2,2025,F,1,2-5,F2-2025-F,26.47,NA,NA,NA,NA
M2501621,F2,2025,M,3,2-5,F2-2025-M,27.19,NA,NA,NA,NA
W2501622,F2,2025,F,3,2-5,F2-2025-F,21.53,2.36,NA,NA,NA
M2501623,F2,2025,M,3,2-5,F2-2025-M,29.45,2.62,5.17,NA,NA
W2501624,F1,2025,F,1,2-5,F1-2025-F,39.16,2.2,7.359,NA,NA
M2501625,F2,2025,M,1,2-5,F2-2025-M,34.26,3.92,4.981,NA,NA
W2501626,F2,2025,F,2,2-5,F2-2025-F,29.1,2.08,NA,NA,NA
W2501627,F2,2025,F,2,2-5,F2-2025-F,28.38,3.42,NA,NA,NA
W2501628,F1,2025,F,1,2-5,F1-2025-F,26.96,NA,NA,NA,NA
W2501629,F2,2025,F,1,2-5,F2-2025-F,29.09,NA,6.279,NA,NA
M2501630,F1,2025,M,2,2-5,F1-2025-M,25.43,2.13,5.862,NA,NA
W2501631,F1,2025,F,2,2-5,F1-2025-F,19.48,NA,7.073,NA,NA
M2501632,F1,2025,M,3,2-5,F1-2025-M,26.76,NA,6.292,NA,NA
M2501633,F1,2025,M,3,2-5,F1-2025-M,25.79,NA,NA,NA,NA
W2501634,F1,2025,F,3,2-5,F1-2025-F,27.02,3.38,8.027,NA,NA
W2501635,F2,2025,F,2,2-5,F2-2025-F,28.93,2.06,NA,NA,NA
M2501636,F2,2025,M,2,2-5,F2-2025-M,32.21,1.65,6.273,NA,NA
W2501637,F1,2025,F,1,2-5,F1-2025-F,33.88,4.04,NA,NA,NA
W2501638,F2,2025,F,2,2-5,F2-2025-F,30.53,NA,5.191,NA,NA
W2501639,F2,2025,F,2,2-5,F2-2025-F,22.78,NA,3.819,NA,NA
W2501640,F1,2025,F,2,2-5,F1-2025-F,31.16,2.66,NA,NA,NA
W2501641,F1,2025,F,2,2-5,F1-2025-F,34.81,2.58,NA,NA,NA
M2501642,F2,2025,M,1,2-5,F2-2025-M,35.26,NA,NA,NA,NA
W2501643,F2,2025,F,1,2-5,F2-2025-F,29.75,NA,6.51,NA,NA
W2501644,F2,2025,F,1,2-5,F2-2025-F,33.03,NA,5.141,NA,NA
M2501645,F2,2025,M,1,2-5,F2-2025-M,36.04,3.21,4.919,NA,NA
M2501646,F2,2025,M,1,2-5,F2-2025-M,27.16,3.12,NA,NA,NA
W2501647,F2,2025,F,1,2-5,F2-2025-F,30.0,2.56,NA,NA,NA
M2501648,F1,2025,M,1,2-5,F1-2025-M,38.85,5.07,7.451,NA,NA
W2501649,F1,2025,F,2,2-5,F1-2025-F,27.81,3.03,NA,NA,NA
M2501650,F1,2025,M,2,2-5,F1-2025-M,26.57,3.19,4.502,NA,NA
M2501651,F1,2025,M,2,2-5,F1-2025-M,35.54,NA,NA,NA,NA
M2501652,F1,2025,M,2,2-5,F1-2025-M,28.5,2.14,5.066,NA,NA
M2501653,F2,2025,M,2,2-5,F2-2025-M,29.93,2.45,7.328,NA,NA
M2501654,F2,2025,M,2,2-5,F2-2025-M,25.79,2.74,NA,NA,NA
W2501655,F1,2025,F,2,2-5,F1-2025-F,30.75,4.31,5.702,NA,NA
M2501656,F1,2025,M,2,2-5,F1-2025-M,28.32,2.77,5.491,NA,NA
M2501657,F2,2025,M,1,2-5,F2-2025-M,28.26,3.16,6.565,NA,NA
W2501658,F1,2025,F,1,2-5,F1-2025-F,32.7,NA,NA,NA,NA
W2501659,F2,2025,F,1,2-5,F2-2025-F,27.97,1.77,NA,NA,NA
M2501660,F1,2025,M,2,2-5,F1-2025-M,29.52,NA,NA,NA,NA
W2501661,F1,2025,F,2,2-5,F1-2025-F,22.56,1.69,5.031,NA,NA
M2501662,F1,2025,M,1,2-5,F1-2025-M,36.61,NA,NA,NA,NA
W2501663,F2,2025,F,2,2-5,F2-2025-F,23.09,NA,NA,NA,NA
W2501664,F2,2025,F,2,2-5,F2-2025-F,30.68,2.09,4.838,NA,NA
W2501665,F2,2025,F,2,2-5,F2-2025-F,28.01,4.76,NA,NA,NA
W2501666,F2,2025,F,2,2-5,F2-2025-F,26.1,NA,NA,NA,NA
W2501667,F2,2025,F,1,2-5,F2-2025-F,29.61,4.4,NA,NA,NA
M2501668,F2,2025,M,1,2-5,F2-2025-M,39.87,NA,6.89,NA,NA
M2501669,F1,2025,M,1,2-5,F1-2025-M,30.93,2.49,8.885,NA,NA
W2501670,F1,2025,F,3,2-5,F1-2025-F,26.6,NA,4.228,NA,NA
W2501671,F1,2025,F,3,2-5,F1-2025-F,21.36,1.53,5.281,NA,NA
M2501672,F1,2025,M,3,2-5,F1-2025-M,32.04,3.5,NA,NA,NA
M2501673,F2,2025,M,2,2-5,F2-2025-M,31.64,NA,4.39,NA,NA
M2501674,F2,2025,M,2,2-5,F2-2025-M,31.61,2.71,5.741,NA,NA
W2501675,F2,2025,F,2,2-5,F2-2025-F,26.11,3.12,NA,NA,NA
M2501676,F2,2025,M,2,2-5,F2-2025-M,32.68,NA,NA,NA,NA
M2501677,F2,2025,M,1,2-5,F2-2025-M,32.68,2.66,NA,NA,NA
M2501678,F2,2025,M,2,2-5,F2-2025-M,30.31,1.79,5.888,NA,NA
W2501679,F2,2025,F,2,2-5,F2-2025-F,33.96,NA,5.503,NA,NA
W2501680,F1,2025,F,3,2-5,F1-2025-F,25.33,NA,NA,NA,NA
M2501681,F1,2025,M,3,2-5,F1-2025-M,30.05,3.19,NA,NA,NA
M2501682,F1,2025,M,3,2-5,F1-2025-M,28.47,4.25,7.395,NA,NA
W2501683,F1,2025,F,2,2-5,F1-2025-F,31.02,2.91,NA,NA,NA
W2501684,F1,2025,F,2,2-5,F1-2025-F,32.0,NA,NA,NA,NA
W2501685,F2,2025,F,1,2-5,F2-2025-F,31.47,NA,4.488,NA,NA
M2501686,F1,2025,M,3,2-5,F1-2025-M,26.72,NA,4.999,NA,NA
M2501687,F1,2025,M,3,2-5,F1-2025-M,30.9,4.26,6.334,NA,NA
M2501688,F1,2025,M,3,2-5,F1-2025-M,25.7,4.51,NA,NA,NA
M2501689,F2,2025,M,1,2-5,F2-2025-M,36.36,3.16,NA,NA,NA
M2501690,F2,2025,M,2,2-5,F2-2025-M,35.4,2.88,7.709,NA,NA
M2501691,F2,2025,M,2,2-5,F2-2025-M,30.11,2.52,NA,NA,NA
W2501692,F1,2025,F,1,2-5,F1-2025-F,34.25,NA,NA,NA,NA
W2501693,F1,2025,F,2,2-5,F1-2025-F,33.36,NA,NA,NA,NA
M2501694,F1,2025,M,2,2-5,F1-2025-M,25.44,2.43,NA,NA,NA
W2501695,F2,2025,F,2,2-5,F2-2025-F,34.43,4.23,NA,NA,NA
M2501696,F2,2025,M,2,2-5,F2-2025-M,30.76,3.35,NA,NA,NA
M2501697,F1,2025,M,3,2-5,F1-2025-M,30.6,3.46,NA,NA,NA
M2501698,F1,2025,M,3,2-5,F1-2025-M,31.78,4.23,NA,NA,NA
M2501699,F1,2025,M,3,2-5,F1-2025-M,29.78,NA,6.61,NA,NA
W2501700,F2,2025,F,1,2-5,F2-2025-F,22.71,NA,5.312,NA,NA
W2501701,F2,2025,F,2,2-5,F2-2025-F,19.27,2.41,NA,NA,NA
W2501702,F2,2025,F,2,2-5,F2-2025-F,33.4,3.68,NA,NA,NA
W2501703,F1,2025,F,1,2-5,F1-2025-F,32.76,NA,NA,NA,NA
W2501704,F2,2025,F,1,2-5,F2-2025-F,32.21,4.25,NA,NA,NA
M2501705,F1,2025,M,1,2-5,F1-2025-M,30.26,2.29,NA,NA,NA
M2501706,F2,2025,M,1,2-5,F2-2025-M,30.53,4.74,NA,NA,NA
W2501707,F1,2025,F,3,2-5,F1-2025-F,20.36,2.13,NA,NA,NA
W2501708,F1,2025,F,3,2-5,F1-2025-F,27.86,NA,3.981,NA,NA
M2501709,F1,2025,M,3,2-5,F1-2025-M,32.98,4.08,NA,NA,NA
W2501710,F1,2025,F,2,2-5,F1-2025-F,30.08,NA,8.597,NA,NA
W2501711,F1,2025,F,2,2-5,F1-2025-F,30.16,4.45,NA,NA,NA
M2501712,F2,2025,M,2,2-5,F2-2025-M,28.95,NA,5.825,NA,NA
M2501713,F2,2025,M,2,2-5,F2-2025-M,33.06,NA,NA,NA,NA
M2501714,F2,2025,M,1,2-5,F2-2025-M,33.09,1.33,NA,NA,NA
W2501715,F2,2025,F,3,2-5,F2-2025-F,20.47,2.18,6.61,NA,NA
M2501716,F2,2025,M,3,2-5,F2-2025-M,21.29,0.7,4.756,NA,NA
M2501717,F2,2025,M,3,2-5,F2-2025-M,28.64,NA,NA,NA,NA
M2501718,F1,2025,M,2,2-5,F1-2025-M,30.42,5.25,NA,NA,NA
W2501719,F1,2025,F,2,2-5,F1-2025-F,32.7,1.67,NA,NA,NA
M2501720,F2,2025,M,1,2-5,F2-2025-M,34.94,2.42,6.984,NA,NA
W2501721,F1,2025,F,3,2-5,F1-2025-F,29.33,NA,NA,NA,NA
W2501722,F1,2025,F,3,2-5,F1-2025-F,26.07,2.64,3.46,NA,NA
W2501723,F1,2025,F,3,2-5,F1-2025-F,25.92,2.94,5.449,NA,NA
W2501724,F2,2025,F,1,2-5,F2-2025-F,30.02,2.29,7.416,NA,NA
W2501725,F2,2025,F,2,2-5,F2-2025-F,30.32,4.38,8.197,NA,NA
W2501726,F2,2025,F,2,2-5,F2-2025-F,27.95,NA,NA,NA,NA
M2501727,F2,2025,M,1,2-5,F2-2025-M,26.72,4.29,NA,NA,NA
M2501728,F2,2025,M,1,2-5,F2-2025-M,31.27,NA,NA,NA,NA
M2501729,F2,2025,M,2,2-5,F2-2025-M,36.27,1.78,NA,NA,NA
W2501730,F2,2025,F,2,2-5,F2-2025-F,31.43,NA,NA,NA,NA
W2501731,F2,2025,F,2,2-5,F2-2025-F,22.72,2.03,5.913,NA,NA
W2501732,F2,2025,F,2,2-5,F2-2025-F,30.07,NA,6.243,NA,NA
M2501733,F2,2025,M,3,2-5,F2-2025-M,28.5,2.94,NA,NA,NA
W2501734,F2,2025,F,3,2-5,F2-2025-F,23.99,3.49,NA,NA,NA
W2501735,F2,2025,F,3,2-5,F2-2025-F,21.58,NA,NA,NA,NA
W2501736,F2,2025,F,3,2-5,F2-2025-F,21.47,2.28,NA,NA,NA
M2501737,F2,2025,M,3,2-5,F2-2025-M,25.37,0.38,NA,NA,NA
W2501738,F2,2025,F,3,2-5,F2-2025-F,22.06,NA,NA,NA,NA
M2501739,F2,2025,M,1,2-5,F2-2025-M,35.07,2.54,NA,NA,NA
M2501740,F1,2025,M,2,2-5,F1-2025-M,30.28,3.39,7.114,NA,NA
M2501741,F1,2025,M,2,2-5,F1-2025-M,33.39,4.41,NA,NA,NA
W2501742,F1,2025,F,1,2-5,F1-2025-F,38.65,4.36,6.227,NA,NA
M2501743,F1,2025,M,2,2-5,F1-2025-M,22.25,3.85,NA,NA,NA
M2501744,F1,2025,M,2,2-5,F1-2025-M,29.01,NA,NA,NA,NA
W2501745,F1,2025,F,1,2-5,F1-2025-F,35.29,3.52,1.985,NA,NA
M2501746,F1,2025,M,2,2-5,F1-2025-M,38.8,NA,8.459,NA,NA
W2501747,F1,2025,F,2,2-5,F1-2025-F,27.13,NA,5.934,NA,NA
W2501748,F2,2025,F,2,2-5,F2-2025-F,16.73,2.75,NA,NA,NA
W2501749,F2,2025,F,2,2-5,F2-2025-F,30.37,3.17,5.977,NA,NA
M2501750,F2,2025,M,1,2-5,F2-2025-M,31.07,NA,NA,NA,NA
W2501751,F1,2025,F,1,2-5,F1-2025-F,31.46,NA,5.489,NA,NA
W2501752,F1,2025,F,1,2-5,F1-2025-F,23.33,2.26,NA,NA,NA
W2501753,F2,2025,F,1,2-5,F2-2025-F,33.16,2.69,5.126,NA,NA
W2501754,F2,2025,F,1,2-5,F2-2025-F,33.17,2.83,NA,NA,NA
M2501755,F2,2025,M,1,2-5,F2-2025-M,36.31,NA,NA,NA,NA
W2501756,F1,2025,F,2,2-5,F1-2025-F,30.14,2.38,5.995,NA,NA
M2501757,F1,2025,M,2,2-5,F1-2025-M,29.91,3.07,8.142,NA,NA
W2501758,F2,2025,F,1,2-5,F2-2025-F,32.54,NA,NA,NA,NA
M2501759,F2,2025,M,1,2-5,F2-2025-M,24.86,NA,NA,NA,NA
W2501760,F2,2025,F,1,2-5,F2-2025-F,24.37,1.8,NA,NA,NA
M2501761,F1,2025,M,1,2-5,F1-2025-M,37.7,3.77,NA,NA,NA
M2501762,F2,2025,M,1,2-5,F2-2025-M,32.95,2.67,NA,NA,NA
M2501763,F2,2025,M,2,2-5,F2-2025-M,27.48,3.15,6.718,NA,NA
M2501764,F2,2025,M,2,2-5,F2-2025-M,31.88,NA,NA,NA,NA
W2501765,F1,2025,F,1,2-5,F1-2025-F,40.51,NA,NA,NA,NA
M2501766,F1,2025,M,2,2-5,F1-2025-M,28.01,3.7,NA,NA,NA
M2501767,F1,2025,M,2,2-5,F1-2025-M,26.76,NA,NA,NA,NA
M2501768,F1,2025,M,2,2-5,F1-2025-M,26.18,3.58,NA,NA,NA
M2501769,F1,2025,M,2,2-5,F1-2025-M,34.96,4.55,NA,NA,NA
W2501770,F1,2025,F,2,2-5,F1-2025-F,31.26,NA,6.876,NA,NA
M2501771,F1,2025,M,2,2-5,F1-2025-M,26.36,4.48,NA,NA,NA
M2501772,F1,2025,M,2,2-5,F1-2025-M,26.83,2.42,3.191,NA,NA
M2501773,F1,2025,M,2,2-5,F1-2025-M,25.51,3.48,NA,NA,NA
W2501774,F1,2025,F,2,2-5,F1-2025-F,26.94,3.57,5.504,NA,NA
W2501775,F1,2025,F,2,2-5,F1-2025-F,27.08,NA,5.693,NA,NA
M2501776,F2,2025,M,2,2-5,F2-2025-M,37.65,3.47,5.741,NA,NA
M2501777,F2,2025,M,2,2-5,F2-2025-M,33.83,2.96,4.941,NA,NA
M2501778,F2,2025,M,1,2-5,F2-2025-M,35.71,3.99,NA,NA,NA
M2501779,F2,2025,M,1,2-5,F2-2025-M,30.96,2.83,6.756,NA,NA
W2501780,F2,2025,F,1,2-5,F2-2025-F,27.02,NA,NA,NA,NA
W2501781,F1,2025,F,1,2-5,F1-2025-F,38.11,5.42,NA,NA,NA
M2501782,F2,2025,M,1,2-5,F2-2025-M,34.38,2.45,NA,NA,NA
W2501783,F2,2025,F,2,1,F2-2025-F,24.48,1.79,NA,NA,NA
W2501784,F2,2025,F,2,1,F2-2025-F,25.56,NA,6.975,NA,NA
M2501785,F2,2025,M,2,1,F2-2025-M,32.03,NA,6.294,NA,NA
W2501786,F2,2025,F,2,1,F2-2025-F,31.96,NA,5.89,NA,NA
M2501787,F2,2025,M,1,1,F2-2025-M,34.94,NA,NA,NA,NA
W2501788,F2,2025,F,1,1,F2-2025-F,34.3,NA,6.658,NA,NA
M2501789,F2,2025,M,1,1,F2-2025-M,27.6,3.29,NA,NA,NA
M2501790,F1,2025,M,1,1,F1-2025-M,36.63,NA,NA,NA,NA
W2501791,F1,2025,F,1,1,F1-2025-F,27.89,3.38,4.822,NA,NA
W2501792,F1,2025,F,2,1,F1-2025-F,32.36,NA,4.244,NA,NA
W2501793,F1,2025,F,2,1,F1-2025-F,35.21,NA,5.121,NA,NA
W2501794,F2,2025,F,2,1,F2-2025-F,26.88,NA,NA,NA,NA
M2501795,F2,2025,M,2,1,F2-2025-M,31.29,NA,NA,NA,NA
M2501796,F1,2025,M,2,1,F1-2025-M,32.97,3.75,NA,NA,NA
M2501797,F1,2025,M,2,1,F1-2025-M,28.35,3.81,NA,NA,NA
W2501798,F2,2025,F,1,1,F2-2025-F,28.73,3.68,7.203,NA,NA
M2501799,F1,2025,M,1,1,F1-2025-M,29.66,4.27,5.27,NA,NA
W2501800,F1,2025,F,1,1,F1-2025-F,32.06,NA,5.409,NA,NA
W2501801,F2,2025,F,1,1,F2-2025-F,32.39,NA,7.073,NA,NA
M2501802,F1,2025,M,1,1,F1-2025-M,40.83,NA,NA,NA,NA
W2501803,F2,2025,F,3,1,F2-2025-F,21.7,2.8,NA,NA,NA
W2501804,F2,2025,F,3,1,F2-2025-F,16.46,2.66,NA,NA,NA
W2501805,F2,2025,F,3,1,F2-2025-F,18.23,2.6,NA,NA,NA
M2501806,F1,2025,M,2,1,F1-2025-M,29.52,NA,7.252,NA,NA
W2501807,F1,2025,F,2,1,F1-2025-F,30.75,3.05,NA,NA,NA
W2501808,F2,2025,F,2,1,F2-2025-F,27.27,2.91,7.06,NA,NA
W2501809,F2,2025,F,2,1,F2-2025-F,22.17,3.3,NA,NA,NA
M2501810,F1,2025,M,1,1,F1-2025-M,38.82,3.55,7.63,NA,NA
W2501811,F2,2025,F,1,1,F2-2025-F,32.36,4.11,NA,NA,NA
M2501812,F1,2025,M,2,1,F1-2025-M,27.41,3.82,NA,NA,NA
W2501813,F1,2025,F,2,1,F1-2025-F,28.61,4.27,NA,NA,NA
W2501814,F2,2025,F,2,1,F2-2025-F,32.72,NA,6.145,NA,NA
M2501815,F2,2025,M,2,1,F2-2025-M,31.42,NA,NA,NA,NA
M2501816,F1,2025,M,3,1,F1-2025-M,25.35,3.09,NA,NA,NA
M2501817,F1,2025,M,3,1,F1-2025-M,31.99,3.78,4.131,NA,NA
W2501818,F1,2025,F,3,1,F1-2025-F,27.0,3.3,NA,NA,NA
W2501819,F1,2025,F,2,1,F1-2025-F,30.74,NA,NA,NA,NA
M2501820,F1,2025,M,2,1,F1-2025-M,31.21,3.47,6.052,NA,NA
M2501821,F1,2025,M,2,1,F1-2025-M,27.55,2.82,3.781,NA,NA
M2501822,F1,2025,M,2,1,F1-2025-M,21.06,3.72,4.988,NA,NA
M2501823,F2,2025,M,1,1,F2-2025-M,31.84,2.64,NA,NA,NA
M2501824,F1,2025,M,1,1,F1-2025-M,32.28,3.64,6.833,NA,NA
M2501825,F1,2025,M,2,1,F1-2025-M,30.55,NA,6.04,NA,NA
W2501826,F1,2025,F,2,1,F1-2025-F,27.39,1.72,NA,NA,NA
W2501827,F1,2025,F,3,1,F1-2025-F,32.35,2.83,NA,NA,NA
M2501828,F1,2025,M,3,1,F1-2025-M,24.03,3.74,7.494,NA,NA
W2501829,F1,2025,F,3,1,F1-2025-F,23.41,3.1,NA,NA,NA
M2501830,F1,2025,M,1,1,F1-2025-M,32.34,NA,NA,NA,NA
W2501831,F2,2025,F,1,1,F2-2025-F,34.35,3.25,7.585,NA,NA
M2501832,F1,2025,M,1,1,F1-2025-M,36.06,NA,4.501,NA,NA
M2501833,F2,2025,M,1,1,F2-2025-M,37.11,NA,5.931,NA,NA
M2501834,F2,2025,M,1,1,F2-2025-M,34.99,2.32,NA,NA,NA
W2501835,F1,2025,F,1,1,F1-2025-F,33.22,4.13,5.596,NA,NA
W2501836,F1,2025,F,3,1,F1-2025-F,26.89,NA,7.45,NA,NA
W2501837,F1,2025,F,3,1,F1-2025-F,30.65,NA,NA,NA,NA
W2501838,F1,2025,F,3,1,F1-2025-F,24.27,4.38,7.623,NA,NA
M2501839,F2,2025,M,2,1,F2-2025-M,30.11,2.04,NA,NA,NA
M2501840,F2,2025,M,2,1,F2-2025-M,29.53,NA,NA,NA,NA
M2501841,F2,2025,M,2,1,F2-2025-M,31.86,2.88,NA,NA,NA
W2501842,F2,2025,F,2,1,F2-2025-F,27.07,3.15,7.122,NA,NA
W2501843,F1,2025,F,1,1,F1-2025-F,33.13,NA,NA,NA,NA
M2501844,F1,2025,M,2,1,F1-2025-M,36.8,NA,NA,NA,NA
W2501845,F1,2025,F,2,1,F1-2025-F,36.72,3.2,NA,NA,NA
W2501846,F2,2025,F,2,1,F2-2025-F,32.31,NA,NA,NA,NA
M2501847,F2,2025,M,2,1,F2-2025-M,29.47,3.99,5.955,NA,NA
M2501848,F2,2025,M,1,1,F2-2025-M,35.79,NA,NA,NA,NA
W2501849,F2,2025,F,2,1,F2-2025-F,26.27,3.62,NA,NA,NA
W2501850,F2,2025,F,2,1,F2-2025-F,21.56,NA,NA,NA,NA
W2501851,F2,2025,F,2,1,F2-2025-F,24.61,2.65,NA,NA,NA
W2501852,F2,2025,F,2,1,F2-2025-F,30.07,2.1,NA,NA,NA
W2501853,F1,2025,F,2,1,F1-2025-F,30.55,2.27,NA,NA,NA
M2501854,F1,2025,M,2,1,F1-2025-M,34.77,1.99,4.552,NA,NA
M2501855,F1,2025,M,2,1,F1-2025-M,29.99,4.74,5.912,NA,NA
M2501856,F1,2025,M,2,1,F1-2025-M,31.67,3.56,6.109,NA,NA
W2501857,F2,2025,F,1,1,F2-2025-F,25.66,2.49,NA,NA,NA
M2501858,F1,2025,M,3,1,F1-2025-M,30.48,NA,5.213,NA,NA
W2501859,F1,2025,F,3,1,F1-2025-F,27.98,3.21,3.337,NA,NA
M2501860,F1,2025,M,3,1,F1-2025-M,27.32,NA,NA,NA,NA
W2501861,F1,2025,F,1,1,F1-2025-F,35.52,3.97,NA,NA,NA
W2501862,F2,2025,F,1,1,F2-2025-F,30.21,3.14,NA,NA,NA
M2501863,F2,2025,M,1,1,F2-2025-M,26.48,2.97,7.649,NA,NA
M2501864,F1,2025,M,1,1,F1-2025-M,34.95,4.71,7.692,NA,NA
W2501865,F1,2025,F,1,1,F1-2025-F,33.75,2.78,NA,NA,NA
M2501866,F1,2025,M,2,1,F1-2025-M,22.07,NA,5.732,NA,NA
W2501867,F1,2025,F,2,1,F1-2025-F,28.12,NA,NA,NA,NA
W2501868,F1,2025,F,2,1,F1-2025-F,24.94,3.66,NA,NA,NA
M2501869,F1,2025,M,2,1,F1-2025-M,28.76,NA,NA,NA,NA
W2501870,F1,2025,F,2,1,F1-2025-F,30.41,NA,NA,NA,NA
W2501871,F1,2025,F,2,1,F1-2025-F,28.17,4.64,3.989,NA,NA
M2501872,F2,2025,M,2,1,F2-2025-M,23.86,2.18,6.664,NA,NA
W2501873,F2,2025,F,2,1,F2-2025-F,26.17,1.53,5.225,NA,NA
M2501874,F1,2025,M,1,1,F1-2025-M,35.38,NA,5.569,NA,NA
M2501875,F1,2025,M,2,1,F1-2025-M,32.11,NA,6.17,NA,NA
M2501876,F1,2025,M,2,1,F1-2025-M,34.85,NA,NA,NA,NA
W2501877,F2,2025,F,2,1,F2-2025-F,24.66,1.54,6.698,NA,NA
M2501878,F2,2025,M,2,1,F2-2025-M,28.83,1.86,NA,NA,NA
W2501879,F2,2025,F,1,1,F2-2025-F,27.66,3.53,6.58,NA,NA
M2501880,F2,2025,M,2,1,F2-2025-M,23.45,3.12,4.428,NA,NA
W2501881,F2,2025,F,2,1,F2-2025-F,29.82,2.21,NA,NA,NA
W2501882,F2,2025,F,1,1,F2-2025-F,23.08,2.4,5.545,NA,NA
W2501883,F2,2025,F,1,1,F2-2025-F,33.94,NA,8.281,NA,NA
W2501884,F2,2025,F,1,1,F2-2025-F,33.21,NA,7.968,NA,NA
W2501885,F2,2025,F,3,1,F2-2025-F,25.05,2.49,5.68,NA,NA
M2501886,F2,2025,M,3,1,F2-2025-M,25.21,NA,NA,NA,NA
W2501887,F2,2025,F,3,1,F2-2025-F,16.43,NA,NA,NA,NA
M2501888,F2,2025,M,2,1,F2-2025-M,24.2,3.08,NA,NA,NA
W2501889,F2,2025,F,2,1,F2-2025-F,24.74,NA,6.235,NA,NA
W2501890,F2,2025,F,1,1,F2-2025-F,26.44,3.25,NA,NA,NA
M2501891,F2,2025,M,1,1,F2-2025-M,33.0,3.24,5.333,NA,NA
M2501892,F1,2025,M,2,1,F1-2025-M,24.2,2.85,6.464,NA,NA
W2501893,F1,2025,F,2,1,F1-2025-F,25.4,NA,5.83,NA,NA
W2501894,F1,2025,F,1,1,F1-2025-F,33.28,NA,NA,NA,NA
W2501895,F1,2025,F,2,1,F1-2025-F,24.4,2.28,5.341,NA,NA
W2501896,F1,2025,F,2,1,F1-2025-F,29.45,2.26,NA,NA,NA
